NO,stars,day
1,2.13,2019.12.29
2,5.11,2019.12.27
3,6.31,2019.12.25
4,6.24,2019.12.24
5,5.05,2019.12.22
6,4.31,2019.12.20
7,3.93,2019.12.19
8,4.93,2019.12.16
9,4.62,2019.12.11
10,7.02,2019.12.08
11,7.26,2019.12.06
12,7.56,2019.12.04
13,7.76,2019.12.02
14,7.11,2019.11.30
15,7.66,2019.11.27
16,6.52,2019.11.25
17,7.36,2019.11.23
18,6.85,2019.11.21
19,7.61,2019.11.19
20,5.86,2019.11.17
21,5.30,2019.11.13
22,5.95,2019.11.12
23,6.18,2019.11.09
24,7.51,2019.11.06
25,7.56,2019.11.05
26,6.89,2019.11.02
27,6.50,2019.10.31
28,8.33,2019.10.28
29,8.22,2019.10.26
30,7.64,2019.10.23
31,8.53,2019.10.20
32,9.10,2019.10.18
33,9.05,2019.10.16
34,8.81,2019.10.15
35,8.46,2019.10.12
36,8.87,2019.10.10
37,8.08,2019.10.08
38,8.35,2019.10.05
39,9.05,2019.10.03
40,8.96,2019.10.01
41,8.87,2019.09.28
42,9.38,2019.09.25
43,9.32,2019.09.24
44,8.70,2019.09.21
45,9.22,2019.09.18
46,9.20,2019.09.16
47,9.15,2019.09.14
48,8.36,2019.09.12
49,8.81,2019.09.08
50,9.33,2019.09.07
51,9.00,2019.09.05
52,8.89,2019.09.03
53,8.48,2019.09.01
54,8.05,2019.08.28
55,9.12,2019.08.26
56,9.19,2019.08.24
57,9.23,2019.08.21
58,9.20,2019.08.18
59,9.29,2019.08.16
60,7.59,2019.08.14
61,8.72,2019.08.12
62,9.33,2019.08.11
63,9.10,2019.08.07
64,9.10,2019.08.06
65,8.50,2019.08.02
66,9.58,2019.07.31
67,9.39,2019.07.29
68,9.25,2019.07.26
69,9.51,2019.07.24
70,9.45,2019.07.22
71,9.41,2019.07.20
72,9.44,2019.07.15
73,9.57,2019.07.14
74,9.55,2019.07.12
75,9.44,2019.07.10
76,9.58,2019.07.08
77,8.69,2019.07.05
78,9.01,2019.07.04
79,8.26,2019.07.02
80,7.92,2019.06.30
81,8.49,2019.06.26
82,9.38,2019.06.24
83,9.12,2019.06.22
84,9.48,2019.06.18
85,9.51,2019.06.17
86,9.19,2019.06.14
87,9.61,2019.06.11
88,9.49,2019.06.09
89,9.55,2019.06.07
90,9.28,2019.06.05
91,8.97,2019.06.03
92,9.32,2019.05.31
93,9.58,2019.05.29
94,9.33,2019.05.27
95,9.15,2019.05.24
96,9.58,2019.05.22
97,9.39,2019.05.19
98,9.03,2019.05.18
99,9.08,2019.05.15
100,9.19,2019.05.13
101,9.46,2019.05.10
102,9.59,2019.05.07
103,9.51,2019.05.06
104,9.36,2019.05.03
105,9.56,2019.05.01
106,9.28,2019.04.29
107,8.89,2019.04.27
108,9.30,2019.04.23
109,9.49,2019.04.22
110,9.33,2019.04.20
111,9.31,2019.04.16
112,9.61,2019.04.14
113,9.64,2019.04.12
114,9.58,2019.04.09
115,9.40,2019.04.08
116,9.22,2019.04.05
117,9.58,2019.04.03
118,9.14,2019.04.01
119,9.43,2019.03.29
120,9.29,2019.03.27
121,9.20,2019.03.25
122,8.82,2019.03.23
123,9.18,2019.03.19
124,9.58,2019.03.18
125,9.27,2019.03.15
126,9.66,2019.03.12
127,8.98,2019.03.10
128,9.53,2019.03.08
129,9.69,2019.03.05
130,9.67,2019.03.03
131,9.60,2019.03.01
132,9.04,2019.02.27
133,9.22,2019.02.23
134,9.61,2019.02.22
135,9.67,2019.02.19
136,9.49,2019.02.18
137,9.14,2019.02.16
138,9.12,2019.02.12
139,9.61,2019.02.10
140,9.61,2019.02.08
141,9.62,2019.02.06
142,9.54,2019.02.04
143,8.92,2019.02.02
144,9.12,2019.01.29
145,9.67,2019.01.27
146,9.72,2019.01.25
147,9.76,2019.01.21
148,9.72,2019.01.20
149,9.67,2019.01.18
150,9.71,2019.01.15
151,9.69,2019.01.13
152,9.58,2019.01.12
153,9.56,2019.01.07
154,9.75,2019.01.06
155,9.76,2019.01.03
156,9.84,2019.01.01
157,9.70,2018.12.30
158,9.66,2018.12.28
159,9.50,2018.12.26
160,9.14,2018.12.24
161,9.46,2018.12.20
162,9.71,2018.12.18
163,9.70,2018.12.16
164,9.63,2018.12.14
165,9.59,2018.12.12
166,9.30,2018.12.10
167,9.18,2018.12.08
168,9.53,2018.12.03
169,9.75,2018.12.02
170,9.64,2018.12.01
171,9.60,2018.11.26
172,9.77,2018.11.24
173,9.80,2018.11.22
174,9.78,2018.11.19
175,9.78,2018.11.17
176,9.77,2018.11.15
177,9.78,2018.11.12
178,9.71,2018.11.11
179,9.68,2018.11.08
180,9.70,2018.11.06
181,9.28,2018.11.05
182,9.17,2018.11.02
183,9.67,2018.10.30
184,9.59,2018.10.28
185,9.60,2018.10.26
186,9.53,2018.10.24
187,9.37,2018.10.20
188,9.75,2018.10.19
189,9.73,2018.10.16
190,9.73,2018.10.14
191,9.77,2018.10.11
192,9.74,2018.10.09
193,9.73,2018.10.07
194,9.75,2018.10.04
195,9.78,2018.10.01
196,9.67,2018.10.01
197,9.24,2018.09.29
198,9.49,2018.09.26
199,9.52,2018.09.23
200,9.74,2018.09.21
201,9.74,2018.09.18
202,9.72,2018.09.16
203,9.71,2018.09.14
204,9.73,2018.09.11
205,9.65,2018.09.09
206,9.50,2018.09.07
207,9.66,2018.09.04
208,9.70,2018.09.02
209,9.63,2018.08.31
210,9.57,2018.08.29
211,9.48,2018.08.26
212,9.75,2018.08.24
213,9.65,2018.08.22
214,9.49,2018.08.18
215,9.80,2018.08.16
216,9.80,2018.08.14
217,9.78,2018.08.12
218,9.75,2018.08.09
219,9.80,2018.08.07
220,9.75,2018.08.05
221,9.77,2018.08.02
222,9.78,2018.07.31
223,9.70,2018.07.29
224,9.76,2018.07.27
225,9.77,2018.07.23
226,9.77,2018.07.22
227,9.77,2018.07.20
228,9.74,2018.07.17
229,9.74,2018.07.15
230,9.75,2018.07.13
231,9.78,2018.07.10
232,9.79,2018.07.08
233,9.72,2018.07.06
234,9.75,2018.07.03
235,9.74,2018.07.01
236,9.72,2018.06.29
237,9.74,2018.06.25
238,9.78,2018.06.24
239,9.78,2018.06.22
240,9.78,2018.06.18
241,9.79,2018.06.17
242,9.79,2018.06.15
243,9.77,2018.06.12
244,9.77,2018.06.10
245,9.79,2018.06.08
246,9.79,2018.06.05
247,9.79,2018.06.03
248,9.78,2018.06.01
249,9.78,2018.05.29
250,9.77,2018.05.26
251,9.82,2018.05.24
252,9.82,2018.05.21
253,9.81,2018.05.19
254,9.81,2018.05.17
255,9.80,2018.05.15
256,9.80,2018.05.13
257,9.78,2018.05.11
258,9.71,2018.05.09
259,9.42,2018.05.07
260,9.60,2018.05.04
261,9.79,2018.04.30
262,9.80,2018.04.29
263,9.75,2018.04.27
264,9.82,2018.04.23
265,9.84,2018.04.21
266,9.81,2018.04.19
267,9.82,2018.04.16
268,9.83,2018.04.14
269,9.84,2018.04.12
270,9.83,2018.04.10
271,9.79,2018.04.08
272,9.81,2018.04.05
273,9.80,2018.04.03
274,9.78,2018.04.01
275,9.80,2018.03.29
276,9.78,2018.03.27
277,9.75,2018.03.25
278,9.77,2018.03.23
279,9.80,2018.03.20
280,9.77,2018.03.18
281,9.75,2018.03.15
282,9.72,2018.03.13
283,9.69,2018.03.11
284,9.73,2018.03.09
285,9.71,2018.03.06
286,9.76,2018.03.04
287,9.72,2018.03.02
288,9.79,2018.02.26
289,9.78,2018.02.25
290,9.75,2018.02.23
291,9.77,2018.02.20
292,9.73,2018.02.18
293,9.73,2018.02.15
294,9.82,2018.02.13
295,9.83,2018.02.11
296,9.80,2018.02.08
297,9.82,2018.02.05
298,9.83,2018.02.03
299,9.83,2018.02.01
300,9.83,2018.01.29
301,9.84,2018.01.27
302,9.83,2018.01.25
303,9.83,2018.01.22
304,9.82,2018.01.20
305,9.79,2018.01.18
306,9.81,2018.01.15
307,9.80,2018.01.13
308,9.81,2018.01.11
309,9.83,2018.01.09
310,9.76,2018.01.07
311,9.74,2018.01.05
312,9.74,2018.01.02
313,9.78,2017.12.30
314,9.80,2017.12.28
315,9.80,2017.12.26
316,9.77,2017.12.23
317,9.81,2017.12.21
318,9.80,2017.12.18
319,9.80,2017.12.17
320,9.79,2017.12.14
321,9.81,2017.12.11
322,9.81,2017.12.09
323,9.81,2017.12.07
324,9.79,2017.12.05
325,9.79,2017.12.02
326,9.80,2017.12.01
327,9.79,2017.11.28
328,9.80,2017.11.25
329,9.81,2017.11.23
330,9.82,2017.11.20
331,9.81,2017.11.18
332,9.81,2017.11.16
333,9.80,2017.11.13
334,9.81,2017.11.11
335,9.82,2017.11.09
336,9.77,2017.11.07
337,9.72,2017.11.05
338,9.79,2017.11.02
339,9.78,2017.10.31
340,9.68,2017.10.29
341,9.70,2017.10.27
342,9.76,2017.10.24
343,9.77,2017.10.22
344,9.79,2017.10.19
345,9.81,2017.10.16
346,9.80,2017.10.15
347,9.78,2017.10.12
348,9.78,2017.10.10
349,9.77,2017.10.08
350,9.76,2017.10.06
351,9.77,2017.10.03
352,9.77,2017.09.30
353,9.81,2017.09.28
354,9.80,2017.09.25
355,9.78,2017.09.24
356,9.76,2017.09.22
357,9.73,2017.09.19
358,9.65,2017.09.17
359,9.76,2017.09.14
360,9.73,2017.09.13
361,9.57,2017.09.11
362,9.49,2017.09.09
363,9.45,2017.09.05
364,9.66,2017.09.03
365,9.73,2017.08.31
366,9.80,2017.08.28
367,9.80,2017.08.26
368,9.80,2017.08.24
369,9.80,2017.08.21
370,9.82,2017.08.19
371,9.80,2017.08.17
372,9.79,2017.08.14
373,9.79,2017.08.12
374,9.62,2017.08.04
375,9.75,2017.07.31
376,9.80,2017.07.29
377,9.79,2017.07.27
378,9.80,2017.07.24
379,9.78,2017.07.22
380,9.82,2017.07.20
381,9.77,2017.07.17
382,9.74,2017.07.15
383,9.77,2017.07.13
384,9.66,2017.07.11
385,9.55,2017.07.09
386,9.58,2017.07.07
387,9.66,2017.07.03
388,9.71,2017.07.02
389,9.69,2017.06.30
390,9.69,2017.06.26
391,9.76,2017.06.24
392,9.73,2017.06.22
393,9.64,2017.06.20
394,9.47,2017.06.18
395,9.53,2017.06.16
396,9.44,2017.06.13
397,9.27,2017.06.11
398,9.35,2017.06.09
399,9.35,2017.06.06
400,9.50,2017.06.03
401,9.68,2017.06.01
402,9.31,2017.05.30
403,9.00,2017.05.28
404,9.05,2017.05.26
405,9.43,2017.05.22
406,9.40,2017.05.21
407,8.97,2017.05.19
408,8.18,2017.05.17
409,7.79,2017.05.14
410,9.13,2017.05.12
411,9.57,2017.05.08
412,9.65,2017.05.07
413,9.52,2017.05.05
414,9.27,2017.05.01
415,9.74,2017.04.30
416,9.78,2017.04.27
417,9.76,2017.04.24
418,9.74,2017.04.22
419,9.69,2017.04.20
420,9.53,2017.04.18
421,8.71,2017.04.16
422,9.60,2017.04.13
423,9.68,2017.04.10
424,9.14,2017.04.09
425,8.47,2017.04.07
426,8.24,2017.04.05
427,6.93,2017.04.02
428,9.61,2017.03.31
429,9.68,2017.03.27
430,9.68,2017.03.26
431,9.63,2017.03.24
432,9.62,2017.03.20
433,9.73,2017.03.18
434,9.73,2017.03.17
435,9.65,2017.03.14
436,9.73,2017.03.11
437,9.72,2017.03.10
438,9.63,2017.03.07
439,9.52,2017.03.05
440,9.64,2017.03.03
441,9.67,2017.02.28
442,9.47,2017.02.26
443,9.41,2017.02.24
444,9.51,2017.02.20
445,9.72,2017.02.18
446,9.72,2017.02.16
447,9.70,2017.02.14
448,9.62,2017.02.11
449,9.75,2017.02.09
450,9.70,2017.02.07
451,9.67,2017.02.04
452,9.73,2017.02.02
453,9.71,2017.01.31
454,9.80,2017.01.29
455,9.64,2017.01.26
456,9.72,2017.01.23
457,9.38,2017.01.22
458,8.96,2017.01.20
459,8.84,2017.01.17
460,9.16,2017.01.15
461,9.30,2017.01.13
462,8.88,2017.01.10
463,8.67,2017.01.08
464,9.27,2017.01.06
465,9.31,2017.01.03
466,8.19,2017.01.02
467,7.87,2016.12.30
468,9.26,2016.12.27
469,9.01,2016.12.25
470,9.43,2016.12.22
471,9.44,2016.12.20
472,8.57,2016.12.18
473,8.69,2016.12.16
474,8.95,2016.12.13
475,9.17,2016.12.11
476,9.26,2016.12.09
477,9.08,2016.12.05
478,9.06,2016.12.04
479,8.44,2016.12.02
480,8.82,2016.11.28
481,8.90,2016.11.27
482,8.37,2016.11.24
483,9.52,2016.11.21
484,9.25,2016.11.20
485,8.81,2016.11.18
486,8.35,2016.11.16
487,6.99,2016.11.14
488,5.77,2016.11.11
489,9.16,2016.11.08
490,9.38,2016.11.06
491,9.39,2016.11.04
492,9.41,2016.11.01
493,9.47,2016.10.30
494,9.60,2016.10.27
495,9.64,2016.10.24
496,9.63,2016.10.22
497,9.62,2016.10.20
498,9.53,2016.10.18
499,9.25,2016.10.15
500,9.62,2016.10.13
501,9.59,2016.10.11
502,9.50,2016.10.09
503,9.54,2016.10.06
504,9.50,2016.10.04
505,8.88,2016.10.02
506,8.88,2016.09.30
507,9.23,2016.09.27
508,9.04,2016.09.25
509,8.83,2016.09.23
510,9.27,2016.09.19
511,9.49,2016.09.18
512,8.90,2016.09.16
513,9.16,2016.09.13
514,9.41,2016.09.10
515,9.55,2016.09.08
516,9.55,2016.09.06
517,9.36,2016.09.04
518,9.11,2016.09.02
519,9.33,2016.08.29
520,9.31,2016.08.27
521,9.31,2016.08.25
522,9.30,2016.08.22
523,9.24,2016.08.20
524,9.18,2016.08.18
525,9.13,2016.08.15
526,9.06,2016.08.14
527,8.88,2016.08.11
528,8.86,2016.08.09
529,8.67,2016.08.07
530,8.64,2016.08.05
531,7.94,2016.08.01
532,8.19,2016.07.30
533,8.20,2016.07.29
534,7.37,2016.07.26
535,6.83,2016.07.24
536,6.41,2016.07.22
537,7.26,2016.07.18
538,9.04,2016.07.16
539,9.29,2016.07.14
540,9.46,2016.07.12
541,9.39,2016.07.10
542,9.45,2016.07.08
543,9.34,2016.07.04
544,9.61,2016.07.02
545,9.63,2016.07.01
546,9.58,2016.06.27
547,9.66,2016.06.25
548,9.71,2016.06.23
549,9.68,2016.06.20
550,9.68,2016.06.18
551,9.67,2016.06.16
552,9.69,2016.06.13
553,9.70,2016.06.11
554,9.68,2016.06.09
555,9.68,2016.06.06
556,9.69,2016.06.04
557,9.69,2016.06.02
558,9.69,2016.05.30
559,9.71,2016.05.28
560,9.71,2016.05.26
561,9.71,2016.05.23
562,9.70,2016.05.21
563,9.71,2016.05.19
564,9.69,2016.05.16
565,9.70,2016.05.14
566,9.72,2016.05.12
567,9.69,2016.05.10
568,9.46,2016.05.08
569,9.63,2016.05.05
570,9.66,2016.05.03
571,9.61,2016.04.30
572,9.67,2016.04.29
573,9.54,2016.04.26
574,9.58,2016.04.23
575,9.71,2016.04.21
576,9.67,2016.04.18
577,9.69,2016.04.16
578,9.69,2016.04.14
579,9.71,2016.04.11
580,9.69,2016.04.09
581,9.69,2016.04.07
582,9.69,2016.04.04
583,9.69,2016.04.02
584,9.69,2016.03.31
585,9.69,2016.03.28
586,9.69,2016.03.26
587,9.68,2016.03.24
588,9.70,2016.03.21
589,9.68,2016.03.19
590,9.68,2016.03.17
591,9.68,2016.03.14
592,9.68,2016.03.12
593,9.68,2016.03.10
594,9.68,2016.03.07
595,9.67,2016.03.05
596,9.66,2016.03.03
597,9.68,2016.02.29
598,9.68,2016.02.27
599,9.69,2016.02.25
600,9.69,2016.02.22
601,9.68,2016.02.20
602,9.67,2016.02.18
603,9.67,2016.02.15
604,9.69,2016.02.13
605,9.70,2016.02.11
606,9.68,2016.02.08
607,9.67,2016.02.06
608,9.66,2016.02.04
609,9.67,2016.02.01
610,9.67,2016.01.30
611,9.66,2016.01.28
612,9.66,2016.01.25
613,9.68,2016.01.23
614,9.67,2016.01.21
615,9.66,2016.01.18
616,9.64,2016.01.16
617,9.67,2016.01.14
618,9.66,2016.01.11
619,9.67,2016.01.09
620,9.66,2016.01.07
621,9.67,2016.01.04
622,9.67,2016.01.02
623,9.68,2015.12.31
624,9.69,2015.12.28
625,9.67,2015.12.27
626,9.58,2015.12.24
627,9.65,2015.12.22
628,9.57,2015.12.19
629,9.67,2015.12.17
630,9.65,2015.12.14
631,9.66,2015.12.12
632,9.68,2015.12.10
633,9.66,2015.12.07
634,9.66,2015.12.05
635,9.67,2015.12.03
636,9.67,2015.11.30
637,9.67,2015.11.28
638,9.63,2015.11.26
639,9.62,2015.11.23
640,9.64,2015.11.21
641,9.65,2015.11.19
642,9.66,2015.11.16
643,9.60,2015.11.14
644,9.61,2015.11.12
645,9.59,2015.11.09
646,9.62,2015.11.07
647,9.55,2015.11.05
648,9.59,2015.11.02
649,9.62,2015.10.31
650,9.63,2015.10.29
651,9.56,2015.10.27
652,9.45,2015.10.24
653,9.56,2015.10.22
654,9.58,2015.10.19
655,9.56,2015.10.17
656,9.57,2015.10.15
657,9.55,2015.10.12
658,9.43,2015.10.11
659,8.51,2015.10.08
660,9.48,2015.10.05
661,9.42,2015.10.03
662,9.50,2015.10.01
663,9.51,2015.09.28
664,9.54,2015.09.26
665,9.52,2015.09.24
666,9.48,2015.09.21
667,9.73,2015.09.19
668,9.36,2015.09.17
669,9.40,2015.09.14
670,9.38,2015.09.12
671,9.44,2015.09.10
672,9.21,2015.09.07
673,9.21,2015.09.05
674,9.22,2015.09.03
675,9.17,2015.08.31
676,9.11,2015.08.29
677,9.09,2015.08.27
678,9.09,2015.08.24
679,9.02,2015.08.22
680,8.97,2015.08.20
681,8.93,2015.08.17
682,8.94,2015.08.15
683,8.88,2015.08.13
684,8.87,2015.08.10
685,8.76,2015.08.08
686,8.70,2015.08.06
687,8.63,2015.08.03
688,8.44,2015.08.01
689,8.55,2015.07.30
690,8.49,2015.07.27
691,8.41,2015.07.25
692,8.29,2015.07.23
693,8.40,2015.07.20
694,8.12,2015.07.18
695,7.85,2015.07.16
696,7.52,2015.07.13
697,7.06,2015.07.11
698,6.27,2015.07.09
699,4.40,2015.07.06
700,5.11,2014.07.29
701,7.83,2014.07.25
702,8.68,2014.07.23
703,8.95,2014.07.21
704,9.04,2014.07.16
705,9.26,2014.07.14
706,9.34,2014.07.12
707,9.47,2014.07.08
708,9.48,2014.07.04
709,9.53,2014.07.03
710,9.62,2014.07.01
711,9.65,2014.06.29
712,9.68,2014.06.27
713,9.68,2014.06.25
714,9.71,2014.06.23
715,9.71,2014.06.21
716,9.62,2014.06.18
717,9.61,2014.06.16
718,9.50,2014.06.13
719,9.69,2014.06.10
720,9.73,2014.06.08
721,9.65,2014.06.05
722,9.68,2014.06.02
723,9.74,2014.05.31
724,9.72,2014.05.27
725,9.78,2014.05.25
726,9.78,2014.05.23
727,9.80,2014.05.19
728,9.80,2014.05.17
729,9.80,2014.05.15
730,9.81,2014.05.12
731,9.81,2014.05.11
732,9.81,2014.05.10
733,9.81,2014.05.09
734,9.80,2014.05.07
735,9.78,2014.05.05
736,9.70,2014.05.02
737,9.73,2014.04.30
738,9.61,2014.04.27
739,9.66,2014.04.25
740,9.67,2014.04.23
741,9.44,2014.04.18
742,9.79,2014.04.17
743,9.81,2014.04.15
744,9.81,2014.04.12
745,9.82,2014.04.10
746,9.81,2014.04.08
747,9.80,2014.04.05
748,9.82,2014.04.04
749,9.81,2014.04.01
750,9.81,2014.03.30
751,9.80,2014.03.27
752,9.83,2014.03.25
753,9.85,2014.03.23
754,9.83,2014.03.20
755,9.83,2014.03.19
756,9.72,2014.03.15
757,9.81,2014.03.12
758,9.82,2014.03.10
759,9.82,2014.03.07
760,9.82,2014.03.05
761,9.82,2014.03.03
762,9.82,2014.03.01
763,9.80,2014.02.26
764,9.81,2014.02.24
765,9.75,2014.02.22
766,9.76,2014.02.18
767,9.82,2014.02.16
768,9.83,2014.02.14
769,9.83,2014.02.11
770,9.83,2014.02.09
771,9.81,2014.02.08
772,9.76,2014.02.05
773,9.82,2014.02.03
774,9.78,2014.02.01
775,9.71,2014.01.29
776,9.75,2014.01.26
777,9.81,2014.01.24
778,9.83,2014.01.22
779,9.81,2014.01.21
780,9.67,2014.01.19
781,9.41,2014.01.16
782,9.80,2014.01.12
783,9.82,2014.01.11
784,9.71,2014.01.08
785,9.61,2014.01.06
786,9.75,2014.01.03
787,9.81,2013.12.31
788,9.84,2013.12.29
789,9.83,2013.12.27
790,9.85,2013.12.24
791,9.84,2013.12.22
792,9.83,2013.12.20
793,9.83,2013.12.17
794,9.84,2013.12.15
795,9.85,2013.12.12
796,9.86,2013.12.10
797,9.81,2013.12.09
798,9.81,2013.12.06
799,9.84,2013.12.04
800,9.81,2013.12.01
801,9.84,2013.11.28
802,9.86,2013.11.26
803,9.84,2013.11.25
804,9.81,2013.11.22
805,9.85,2013.11.20
806,9.83,2013.11.18
807,9.82,2013.11.16
808,9.80,2013.11.13
809,9.81,2013.11.10
810,9.84,2013.11.07
811,9.84,2013.11.05
812,9.84,2013.11.02
813,9.84,2013.11.01
814,9.84,2013.10.29
815,9.85,2013.10.26
816,9.86,2013.10.24
817,9.86,2013.10.22
818,9.85,2013.10.21
819,9.83,2013.10.19
820,9.80,2013.10.15
821,9.85,2013.10.13
822,9.83,2013.10.11
823,9.82,2013.10.09
824,9.79,2013.10.07
825,9.77,2013.10.04
826,9.82,2013.10.01
827,9.84,2013.09.30
828,9.80,2013.09.28
829,9.81,2013.09.24
830,9.86,2013.09.23
831,9.78,2013.09.21
832,9.70,2013.09.16
833,9.84,2013.09.15
834,9.76,2013.09.14
835,9.71,2013.09.09
836,9.83,2013.09.08
837,9.81,2013.09.06
838,9.83,2013.09.03
839,9.83,2013.09.01
840,9.83,2013.08.29
841,9.85,2013.08.27
842,9.68,2013.08.26
843,9.62,2013.08.23
844,9.81,2013.08.20
845,9.83,2013.08.18
846,9.83,2013.08.15
847,9.86,2013.08.13
848,9.83,2013.08.11
849,9.82,2013.08.09
850,9.82,2013.08.06
851,9.83,2013.08.04
852,9.82,2013.08.02
853,9.86,2013.07.29
854,9.87,2013.07.27
855,9.87,2013.07.25
856,9.86,2013.07.23
857,9.83,2013.07.20
858,9.87,2013.07.18
859,9.87,2013.07.16
860,9.86,2013.07.13
861,9.87,2013.07.11
862,9.87,2013.07.09
863,9.86,2013.07.06
864,9.86,2013.07.04
865,9.87,2013.07.02
866,9.86,2013.06.29
867,9.85,2013.06.28
868,9.86,2013.06.24
869,9.86,2013.06.22
870,9.87,2013.06.21
871,9.86,2013.06.17
872,9.87,2013.06.15
873,9.87,2013.06.13
874,9.88,2013.06.11
875,9.88,2013.06.08
876,9.88,2013.06.06
877,9.88,2013.06.03
878,9.87,2013.06.02
879,9.86,2013.05.30
880,9.88,2013.05.27
881,9.87,2013.05.26
882,9.86,2013.05.23
883,9.88,2013.05.20
884,9.88,2013.05.18
885,9.88,2013.05.16
886,9.89,2013.05.13
887,9.88,2013.05.11
888,9.88,2013.05.09
889,9.88,2013.05.06
890,9.88,2013.05.04
891,9.88,2013.05.03
892,9.88,2013.04.29
893,9.88,2013.04.27
894,9.88,2013.04.25
895,9.88,2013.04.22
896,9.88,2013.04.20
897,9.88,2013.04.18
898,9.89,2013.04.15
899,9.88,2013.04.13
900,9.88,2013.04.11
901,9.88,2013.04.08
902,9.88,2013.04.06
903,9.88,2013.04.05
904,9.89,2013.04.04
905,9.88,2013.04.04
906,9.88,2013.04.02
907,9.88,2013.04.02
908,9.89,2013.04.01
909,9.88,2013.03.30
910,9.89,2013.03.28
911,9.89,2013.03.25
912,9.88,2013.03.23
913,9.88,2013.03.21
914,9.88,2013.03.18
915,9.89,2013.03.16
916,9.88,2013.03.14
917,9.89,2013.03.11
918,9.88,2013.03.09
919,9.89,2013.03.07
920,9.89,2013.03.04
921,9.88,2013.03.02
922,9.88,2013.02.28
923,9.89,2013.02.25
924,9.86,2013.02.23
925,9.90,2013.02.21
926,9.87,2013.02.19
927,9.79,2013.02.18
928,9.65,2013.02.15
929,9.82,2013.02.12
930,9.81,2013.02.11
931,9.74,2013.02.09
932,9.75,2013.02.05
933,9.73,2013.02.04
934,9.69,2013.02.01
935,9.78,2013.01.30
936,9.72,2013.01.27
937,9.71,2013.01.26
938,9.70,2013.01.23
939,9.74,2013.01.20
940,9.80,2013.01.18
941,9.77,2013.01.17
942,9.70,2013.01.13
943,9.77,2013.01.12
944,9.78,2013.01.08
945,9.79,2013.01.06
946,9.76,2013.01.04
947,9.80,2013.01.01
948,9.77,2012.12.31
949,9.71,2012.12.28
950,9.76,2012.12.25
951,9.82,2012.12.23
952,9.81,2012.12.21
953,9.83,2012.12.18
954,9.84,2012.12.16
955,9.76,2012.12.15
956,9.75,2012.12.12
957,9.83,2012.12.09
958,9.70,2012.12.08
959,9.76,2012.12.04
960,9.80,2012.12.02
961,9.73,2012.11.30
962,9.83,2012.11.27
963,9.81,2012.11.25
964,9.74,2012.11.24
965,9.77,2012.11.21
966,9.77,2012.11.18
967,9.80,2012.11.16
968,9.83,2012.11.13
969,9.79,2012.11.11
970,9.77,2012.11.09
971,9.82,2012.11.06
972,9.82,2012.11.04
973,9.77,2012.11.02
974,9.84,2012.10.30
975,9.83,2012.10.28
976,9.78,2012.10.26
977,9.82,2012.10.23
978,9.81,2012.10.21
979,9.76,2012.10.19
980,9.83,2012.10.16
981,9.82,2012.10.14
982,9.76,2012.10.12
983,9.83,2012.10.09
984,9.84,2012.10.07
985,9.79,2012.10.05
986,9.83,2012.10.02
987,9.82,2012.09.30
988,9.81,2012.09.28
989,9.84,2012.09.25
990,9.84,2012.09.23
991,9.79,2012.09.21
992,9.83,2012.09.18
993,9.84,2012.09.16
994,9.80,2012.09.14
995,9.84,2012.09.11
996,9.85,2012.09.08
997,9.86,2012.09.06
998,9.86,2012.09.04
999,9.84,2012.09.02
1000,9.82,2012.08.31
1001,9.85,2012.08.28
1002,9.86,2012.08.26
1003,9.84,2012.08.24
1004,9.84,2012.08.21
1005,9.84,2012.08.19
1006,9.82,2012.08.17
1007,9.84,2012.08.14
1008,9.84,2012.08.11
1009,9.86,2012.08.09
1010,9.85,2012.08.07
1011,9.84,2012.08.05
1012,9.84,2012.08.03
1013,9.84,2012.07.31
1014,9.84,2012.07.29
1015,9.83,2012.07.27
1016,9.84,2012.07.23
1017,9.84,2012.07.22
1018,9.81,2012.07.20
1019,9.85,2012.07.17
1020,9.79,2012.07.16
1021,9.74,2012.07.13
1022,9.83,2012.07.10
1023,9.79,2012.07.08
1024,9.82,2012.07.06
1025,9.86,2012.07.02
1026,9.83,2012.07.01
1027,9.81,2012.06.29
1028,9.85,2012.06.25
1029,9.83,2012.06.24
1030,9.84,2012.06.22
1031,9.86,2012.06.18
1032,9.85,2012.06.17
1033,9.84,2012.06.15
1034,9.84,2012.06.11
1035,9.84,2012.06.10
1036,9.85,2012.06.08
1037,9.83,2012.06.04
1038,9.82,2012.06.03
1039,9.84,2012.06.01
1040,9.85,2012.05.29
1041,9.76,2012.05.27
1042,9.84,2012.05.25
1043,9.85,2012.05.22
1044,9.82,2012.05.20
1045,9.85,2012.05.18
1046,9.86,2012.05.14
1047,9.86,2012.05.13
1048,9.86,2012.05.11
1049,9.85,2012.05.07
1050,9.85,2012.05.06
1051,9.84,2012.05.04
1052,9.84,2012.04.30
1053,9.84,2012.04.29
1054,9.86,2012.04.27
1055,9.86,2012.04.23
1056,9.86,2012.04.22
1057,9.86,2012.04.20
1058,9.85,2012.04.16
1059,9.84,2012.04.15
1060,9.83,2012.04.13
1061,9.83,2012.04.09
1062,9.84,2012.04.08
1063,9.82,2012.04.06
1064,9.86,2012.04.03
1065,9.86,2012.04.02
1066,9.80,2012.03.30
1067,9.86,2012.03.26
1068,9.86,2012.03.25
1069,9.86,2012.03.23
1070,9.86,2012.03.19
1071,9.86,2012.03.18
1072,9.87,2012.03.16
1073,9.87,2012.03.12
1074,9.87,2012.03.11
1075,9.87,2012.03.09
1076,9.88,2012.03.05
1077,9.87,2012.03.04
1078,9.88,2012.03.02
1079,9.87,2012.02.27
1080,9.87,2012.02.26
1081,9.87,2012.02.24
1082,9.86,2012.02.20
1083,9.86,2012.02.19
1084,9.86,2012.02.18
1085,9.77,2012.02.13
1086,9.85,2012.02.12
1087,9.86,2012.02.10
1088,9.86,2012.02.06
1089,9.86,2012.02.05
1090,9.85,2012.02.04
1091,9.81,2012.01.30
1092,9.88,2012.01.29
1093,9.87,2012.01.27
1094,9.86,2012.01.23
1095,9.87,2012.01.22
1096,9.86,2012.01.20
1097,9.85,2012.01.16
1098,9.87,2012.01.15
1099,9.86,2012.01.14
1100,9.75,2012.01.09
1101,9.87,2012.01.08
1102,9.88,2012.01.07
1103,9.87,2012.01.02
1104,9.86,2012.01.01
1105,9.89,2011.12.30
1106,9.88,2011.12.26
1107,9.88,2011.12.25
1108,9.85,2011.12.23
1109,9.87,2011.12.19
1110,9.87,2011.12.18
1111,9.87,2011.12.16
1112,9.87,2011.12.12
1113,9.86,2011.12.11
1114,9.87,2011.12.09
1115,9.87,2011.12.05
1116,9.87,2011.12.04
1117,9.87,2011.12.02
1118,9.89,2011.11.28
1119,9.87,2011.11.27
1120,9.87,2011.11.25
1121,9.87,2011.11.21
1122,9.88,2011.11.20
1123,9.87,2011.11.18
1124,9.89,2011.11.14
1125,9.87,2011.11.13
1126,9.85,2011.11.11
1127,9.79,2011.11.07
1128,9.85,2011.11.06
1129,9.86,2011.11.04
1130,9.85,2011.10.31
1131,9.86,2011.10.30
1132,9.86,2011.10.28
1133,9.86,2011.10.24
1134,9.87,2011.10.23
1135,9.87,2011.10.21
1136,9.85,2011.10.17
1137,9.86,2011.10.16
1138,9.86,2011.10.14
1139,9.87,2011.10.10
1140,9.86,2011.10.09
1141,9.86,2011.10.07
1142,9.85,2011.10.03
1143,9.86,2011.10.02
1144,9.85,2011.09.30
1145,9.86,2011.09.26
1146,9.87,2011.09.25
1147,9.85,2011.09.23
1148,9.78,2011.09.19
1149,9.86,2011.09.18
1150,9.85,2011.09.16
1151,9.86,2011.09.12
1152,9.87,2011.09.11
1153,9.87,2011.09.09
1154,9.87,2011.09.05
1155,9.87,2011.09.04
1156,9.87,2011.09.02
1157,9.88,2011.08.29
1158,9.88,2011.08.28
1159,9.87,2011.08.26
1160,9.86,2011.08.22
1161,9.87,2011.08.21
1162,9.87,2011.08.19
1163,9.88,2011.08.15
1164,9.87,2011.08.14
1165,9.86,2011.08.12
1166,9.84,2011.08.08
1167,9.87,2011.08.07
1168,9.87,2011.08.05
1169,9.86,2011.08.01
1170,9.85,2011.07.31
1171,9.86,2011.07.29
1172,9.86,2011.07.25
1173,9.85,2011.07.24
1174,9.86,2011.07.22
1175,9.85,2011.07.18
1176,9.86,2011.07.17
1177,9.86,2011.07.15
1178,9.86,2011.07.11
1179,9.86,2011.07.10
1180,9.86,2011.07.08
1181,9.85,2011.07.04
1182,9.87,2011.07.03
1183,9.86,2011.07.01
1184,9.86,2011.06.27
1185,9.86,2011.06.26
1186,9.87,2011.06.24
1187,9.87,2011.06.20
1188,9.87,2011.06.19
1189,9.87,2011.06.17
1190,9.87,2011.06.13
1191,9.86,2011.06.12
1192,9.88,2011.06.10
1193,9.87,2011.06.06
1194,9.85,2011.06.05
1195,9.83,2011.06.03
1196,9.84,2011.05.30
1197,9.85,2011.05.29
1198,9.86,2011.05.27
1199,9.85,2011.05.23
1200,9.82,2011.05.22
1201,9.84,2011.05.20
1202,9.84,2011.05.16
1203,9.84,2011.05.15
1204,9.87,2011.05.13
1205,9.83,2011.05.09
1206,9.82,2011.05.08
1207,9.76,2011.05.07
1208,9.72,2011.05.02
1209,9.82,2011.05.01
1210,9.83,2011.04.30
1211,9.74,2011.04.25
1212,9.84,2011.04.24
1213,9.84,2011.04.22
1214,9.81,2011.04.18
1215,9.77,2011.04.18
1216,9.68,2011.04.16
1217,9.58,2011.04.11
1218,9.82,2011.04.10
1219,9.80,2011.04.08
1220,9.84,2011.04.04
1221,9.84,2011.04.03
1222,9.83,2011.04.01
1223,9.82,2011.03.28
1224,9.84,2011.03.27
1225,9.83,2011.03.25
1226,9.82,2011.03.21
1227,9.84,2011.03.20
1228,9.78,2011.03.19
1229,9.77,2011.03.14
1230,9.83,2011.03.13
1231,9.84,2011.03.11
1232,9.83,2011.03.07
1233,9.82,2011.03.06
1234,9.82,2011.03.04
1235,9.83,2011.02.28
1236,9.83,2011.02.27
1237,9.81,2011.02.25
1238,9.71,2011.02.21
1239,9.79,2011.02.20
1240,9.78,2011.02.18
1241,9.75,2011.02.14
1242,9.63,2011.02.14
1243,9.41,2011.02.11
1244,9.80,2011.02.07
1245,9.82,2011.02.06
1246,9.82,2011.02.04
1247,9.84,2011.01.31
1248,9.85,2011.01.30
1249,9.86,2011.01.28
1250,9.86,2011.01.24
1251,9.84,2011.01.23
1252,9.85,2011.01.21
1253,9.85,2011.01.17
1254,9.85,2011.01.16
1255,9.84,2011.01.14
1256,9.84,2011.01.10
1257,9.84,2011.01.09
1258,9.84,2011.01.07
1259,9.85,2011.01.03
1260,9.85,2011.01.02
1261,9.87,2010.12.31
1262,9.86,2010.12.27
1263,9.84,2010.12.26
1264,9.86,2010.12.24
1265,9.88,2010.12.20
1266,9.87,2010.12.19
1267,9.88,2010.12.17
1268,9.88,2010.12.13
1269,9.88,2010.12.12
1270,9.87,2010.12.10
1271,9.88,2010.12.06
1272,9.91,2010.12.05
1273,9.86,2010.12.03
1274,9.78,2010.11.29
1275,9.84,2010.11.28
1276,9.85,2010.11.26
1277,9.86,2010.11.22
1278,9.85,2010.11.21
1279,9.84,2010.11.19
1280,9.84,2010.11.15
1281,9.83,2010.11.14
1282,9.79,2010.11.12
1283,9.82,2010.11.08
1284,9.86,2010.11.07
1285,9.85,2010.11.05
1286,9.83,2010.11.01
1287,9.85,2010.10.31
1288,9.84,2010.10.29
1289,9.84,2010.10.25
1290,9.84,2010.10.24
1291,9.83,2010.10.22
1292,9.85,2010.10.18
1293,9.86,2010.10.17
1294,9.85,2010.10.15
1295,9.84,2010.10.11
1296,9.86,2010.10.10
1297,9.78,2010.10.08
1298,9.81,2010.10.04
1299,9.81,2010.10.03
1300,9.80,2010.10.01
1301,9.78,2010.09.27
1302,9.82,2010.09.26
1303,9.81,2010.09.24
1304,9.77,2010.09.20
1305,9.82,2010.09.19
1306,9.84,2010.09.17
1307,9.81,2010.09.13
1308,9.80,2010.09.12
1309,9.77,2010.09.10
1310,9.81,2010.09.06
1311,9.81,2010.09.05
1312,9.76,2010.09.03
1313,9.78,2010.08.31
1314,9.65,2010.08.30
1315,9.45,2010.08.27
1316,9.80,2010.08.23
1317,9.80,2010.08.22
1318,9.73,2010.08.20
1319,9.71,2010.08.16
1320,9.80,2010.08.15
1321,9.79,2010.08.13
1322,9.77,2010.08.09
1323,9.83,2010.08.08
1324,9.84,2010.08.06
1325,9.84,2010.08.02
1326,9.84,2010.08.01
1327,9.85,2010.07.30
1328,9.85,2010.07.26
1329,9.78,2010.07.25
1330,9.85,2010.07.23
1331,9.85,2010.07.19
1332,9.85,2010.07.18
1333,9.88,2010.07.16
1334,9.85,2010.07.12
1335,9.84,2010.07.11
1336,9.85,2010.07.09
1337,9.83,2010.07.05
1338,9.78,2010.07.04
1339,9.75,2010.07.02
1340,9.78,2010.06.28
1341,9.77,2010.06.27
1342,9.78,2010.06.25
1343,9.78,2010.06.21
1344,9.77,2010.06.20
1345,9.76,2010.06.18
1346,9.82,2010.06.14
1347,9.83,2010.06.13
1348,9.81,2010.06.11
1349,9.82,2010.06.07
1350,9.81,2010.06.06
1351,9.82,2010.06.04
1352,9.80,2010.05.31
1353,9.77,2010.05.30
1354,9.76,2010.05.28
1355,9.81,2010.05.24
1356,9.76,2010.05.23
1357,9.79,2010.05.21
1358,9.78,2010.05.17
1359,9.81,2010.05.16
1360,9.83,2010.05.14
1361,9.83,2010.05.10
1362,9.83,2010.05.09
1363,9.83,2010.05.07
1364,9.82,2010.05.03
1365,9.80,2010.05.02
1366,9.81,2010.04.30
1367,9.81,2010.04.26
1368,9.82,2010.04.25
1369,9.82,2010.04.23
1370,9.83,2010.04.19
1371,9.84,2010.04.18
1372,9.81,2010.04.16
1373,9.82,2010.04.12
1374,9.81,2010.04.11
1375,9.81,2010.04.09
1376,9.82,2010.04.05
1377,9.82,2010.04.04
1378,9.81,2010.04.02
1379,9.79,2010.03.29
1380,9.82,2010.03.28
1381,9.83,2010.03.26
1382,9.84,2010.03.22
1383,9.81,2010.03.21
1384,9.81,2010.03.19
1385,9.81,2010.03.15
1386,9.82,2010.03.14
1387,9.79,2010.03.12
1388,9.78,2010.03.08
1389,9.79,2010.03.07
1390,9.78,2010.03.05
1391,9.73,2010.03.01
1392,9.77,2010.02.28
1393,9.75,2010.02.26
1394,9.75,2010.02.22
1395,9.77,2010.02.21
1396,9.72,2010.02.19
1397,9.75,2010.02.15
1398,9.76,2010.02.14
1399,9.70,2010.02.12
1400,9.72,2010.02.08
1401,9.70,2010.02.07
1402,9.67,2010.02.05
1403,9.63,2010.02.01
1404,9.66,2010.01.31
1405,9.68,2010.01.29
1406,9.64,2010.01.25
1407,9.68,2010.01.24
1408,9.54,2010.01.22
1409,9.45,2010.01.18
1410,9.46,2010.01.17
1411,9.53,2010.01.15
1412,9.38,2010.01.11
1413,9.27,2010.01.10
1414,8.94,2010.01.08
