NO,stars,title,day
1,2.13,3-414화 2.에필로그(5-2),2019.12.29
2,5.11,3-413화 2.에필로그(5-1),2019.12.27
3,6.31,3-412화 2.에필로그(4-9),2019.12.25
4,6.24,3-411화 2.에필로그(4-8),2019.12.24
5,5.05,3-410화 2.에필로그(4-7),2019.12.22
6,4.31,3-409화 2.에필로그(4-6),2019.12.20
7,3.93,3-408화 2.에필로그(4-5),2019.12.19
8,4.93,3-407화 2.에필로그(4-4),2019.12.16
9,4.62,3-406화 2.에필로그(4-3),2019.12.11
10,7.02,3-405화 2.에필로그(4-2),2019.12.08
11,7.26,3-404화 2.에필로그(4-1),2019.12.06
12,7.56,3-403화 2.에필로그(3-29),2019.12.04
13,7.76,3-402화 2.에필로그(3-28),2019.12.02
14,7.11,3-401화 2.에필로그(3-27),2019.11.30
15,7.66,3-400화 2.에필로그(3-26),2019.11.27
16,6.52,3-399화 2.에필로그(3-25),2019.11.25
17,7.36,3-398화 2.에필로그(3-24),2019.11.23
18,6.85,3-397화 2.에필로그(3-23),2019.11.21
19,7.61,3-396화 2.에필로그(3-22),2019.11.19
20,5.86,3-395화 2.에필로그(3-21),2019.11.17
21,5.30,3-394화 2.에필로그(3-20),2019.11.13
22,5.95,3-393화 2.에필로그(3-19),2019.11.12
23,6.18,3-392화 2.에필로그(3-18),2019.11.09
24,7.51,3-391화 2.에필로그(3-17),2019.11.06
25,7.56,3-390화 2.에필로그(3-16),2019.11.05
26,6.89,3-389화 2.에필로그(3-15),2019.11.02
27,6.50,3-388화 2.에필로그(3-14),2019.10.31
28,8.33,3-387화 2.에필로그(3-13),2019.10.28
29,8.22,3-386화 2.에필로그(3-12),2019.10.26
30,7.64,3-385화 2.에필로그(3-11),2019.10.23
31,8.53,3-384화 2.에필로그(3-10),2019.10.20
32,9.10,3-383화 2.에필로그(3-9),2019.10.18
33,9.05,3-382화 2.에필로그(3-8),2019.10.16
34,8.81,3-381화 2.에필로그(3-7),2019.10.15
35,8.46,3-380화 2.에필로그(3-6),2019.10.12
36,8.87,3-379화 2.에필로그(3-5),2019.10.10
37,8.08,3-378화 2.에필로그(3-4),2019.10.08
38,8.35,3-377화 2.에필로그(3-3),2019.10.05
39,9.05,3-376화 2.에필로그(3-2),2019.10.03
40,8.96,3-375화 2.에필로그(3-1),2019.10.01
41,8.87,3-374화 2.에필로그(2-7),2019.09.28
42,9.38,3-373화 2.에필로그(2-6),2019.09.25
43,9.32,3-372화 2.에필로그(2-5),2019.09.24
44,8.70,3-371화 2.에필로그(2-4),2019.09.21
45,9.22,3-370화 2.에필로그(2-3),2019.09.18
46,9.20,3-369화 2.에필로그(2-2),2019.09.16
47,9.15,3-368화 2.에필로그(2-1),2019.09.14
48,8.36,3-367화 2.에필로그(1),2019.09.12
49,8.81,3-366화 1.다이크(366),2019.09.08
50,9.33,3-365화 1.다이크(365),2019.09.07
51,9.00,3-364화 1.다이크(364),2019.09.05
52,8.89,3-363화 1.다이크(363),2019.09.03
53,8.48,3-362화 1.다이크(362),2019.09.01
54,8.05,3-361화 1.다이크(361),2019.08.28
55,9.12,3-360화 1.다이크(360),2019.08.26
56,9.19,3-359화 1.다이크(359),2019.08.24
57,9.23,3-358화 1.다이크(358),2019.08.21
58,9.20,3-357화 1.다이크(357),2019.08.18
59,9.29,3-356화 1.다이크(356),2019.08.16
60,7.59,3-355화 1.다이크(355),2019.08.14
61,8.72,3-354화 1.다이크(354),2019.08.12
62,9.33,3-353화 1.다이크(353),2019.08.11
63,9.10,3-352화 1.다이크(352),2019.08.07
64,9.10,3-351화 1.다이크(351),2019.08.06
65,8.50,3-350화 1.다이크(350),2019.08.02
66,9.58,3-349화 1.다이크(349),2019.07.31
67,9.39,3-348화 1.다이크(348),2019.07.29
68,9.25,3-347화 1.다이크(347),2019.07.26
69,9.51,3-346화 1.다이크(346),2019.07.24
70,9.45,3-345화 1.다이크(345),2019.07.22
71,9.41,3-344화 1.다이크(344),2019.07.20
72,9.44,3-343화 1.다이크(343),2019.07.15
73,9.57,3-342화 1.다이크(342),2019.07.14
74,9.55,3-341화 1.다이크(341),2019.07.12
75,9.44,3-340화 1.다이크(340),2019.07.10
76,9.58,3-339화 1.다이크(339),2019.07.08
77,8.69,3-338화 1.다이크(338),2019.07.05
78,9.01,3-337화 1.다이크(337),2019.07.04
79,8.26,3-336화 1.다이크(336),2019.07.02
80,7.92,3-335화 1.다이크(335),2019.06.30
81,8.49,3-334화 1.다이크(334),2019.06.26
82,9.38,3-333화 1.다이크(333),2019.06.24
83,9.12,3-332화 1.다이크(332),2019.06.22
84,9.48,3-331화 1.다이크(331),2019.06.18
85,9.51,3-330화 1.다이크(330),2019.06.17
86,9.19,3-329화 1.다이크(329),2019.06.14
87,9.61,3-328화 1.다이크(328),2019.06.11
88,9.49,3-327화 1.다이크(327),2019.06.09
89,9.55,3-326화 1.다이크(326),2019.06.07
90,9.28,3-325화 1.다이크(325),2019.06.05
91,8.97,3-324화 1.다이크(324),2019.06.03
92,9.32,3-323화 1.다이크(323),2019.05.31
93,9.58,3-322화 1.다이크(322),2019.05.29
94,9.33,3-321화 1.다이크(321),2019.05.27
95,9.15,3-320화 1.다이크(320),2019.05.24
96,9.58,3-319화 1.다이크(319),2019.05.22
97,9.39,3-318화 1.다이크(318),2019.05.19
98,9.03,3-317화 1.다이크(317),2019.05.18
99,9.08,3-316화 1.다이크(316),2019.05.15
100,9.19,3-315화 1.다이크(315),2019.05.13
101,9.46,3-314화 1.다이크(314),2019.05.10
102,9.59,3-313화 1.다이크(313),2019.05.07
103,9.51,3-312화 1.다이크(312),2019.05.06
104,9.36,3-311화 1.다이크(311),2019.05.03
105,9.56,3-310화 1.다이크(310),2019.05.01
106,9.28,3-309화 1.다이크(309),2019.04.29
107,8.89,3-308화 1.다이크(308),2019.04.27
108,9.30,3-307화 1.다이크(307),2019.04.23
109,9.49,3-306화 1.다이크(306),2019.04.22
110,9.33,3-305화 1.다이크(305),2019.04.20
111,9.31,3-304화 1.다이크(304),2019.04.16
112,9.61,3-303화 1.다이크(303),2019.04.14
113,9.64,3-302화 1.다이크(302),2019.04.12
114,9.58,3-301화 1.다이크(301),2019.04.09
115,9.40,3-300화 1.다이크(300),2019.04.08
116,9.22,3-299화 1.다이크(299),2019.04.05
117,9.58,3-298화 1.다이크(298),2019.04.03
118,9.14,3-297화 1.다이크(297),2019.04.01
119,9.43,3-296화 1.다이크(296),2019.03.29
120,9.29,3-295화 1.다이크(295),2019.03.27
121,9.20,3-294화 1.다이크(294),2019.03.25
122,8.82,3-293화 1.다이크(293),2019.03.23
123,9.18,3-292화 1.다이크(292),2019.03.19
124,9.58,3-291화 1.다이크(291),2019.03.18
125,9.27,3-290화 1.다이크(290),2019.03.15
126,9.66,3-289화 1.다이크(289),2019.03.12
127,8.98,3-288화 1.다이크(288),2019.03.10
128,9.53,3-287화 1.다이크(287),2019.03.08
129,9.69,3-286화 1.다이크(286),2019.03.05
130,9.67,3-285화 1.다이크(285),2019.03.03
131,9.60,3-284화 1.다이크(284),2019.03.01
132,9.04,3-283화 1.다이크(283),2019.02.27
133,9.22,3-282화 1.다이크(282),2019.02.23
134,9.61,3-281화 1.다이크(281),2019.02.22
135,9.67,3-280화 1.다이크(280),2019.02.19
136,9.49,3-279화 1.다이크(279),2019.02.18
137,9.14,3-278화 1.다이크(278),2019.02.16
138,9.12,3-277화 1.다이크(277),2019.02.12
139,9.61,3-276화 1.다이크(276),2019.02.10
140,9.61,3-275화 1.다이크(275),2019.02.08
141,9.62,3-274화 1.다이크(274),2019.02.06
142,9.54,3-273화 1.다이크(273),2019.02.04
143,8.92,3-272화 1.다이크(272),2019.02.02
144,9.12,3-271화 1.다이크(271),2019.01.29
145,9.67,3-270화 1.다이크(270),2019.01.27
146,9.72,3-269화 1.다이크(269),2019.01.25
147,9.76,3-268화 1.다이크(268),2019.01.21
148,9.72,3-267화 1.다이크(267),2019.01.20
149,9.67,3-266화 1.다이크(266),2019.01.18
150,9.71,3-265화 1.다이크(265),2019.01.15
151,9.69,3-264화 1.다이크(264),2019.01.13
152,9.58,3-263화 1.다이크(263),2019.01.12
153,9.56,3-262화 1.다이크(262),2019.01.07
154,9.75,3-261화 1.다이크(261),2019.01.06
155,9.76,3-260화 1.다이크(260),2019.01.03
156,9.84,3-259화 1.다이크(259),2019.01.01
157,9.70,3-258화 1.다이크(258),2018.12.30
158,9.66,3-257화 1.다이크(257),2018.12.28
159,9.50,3-256화 1.다이크(256),2018.12.26
160,9.14,3-255화 1.다이크(255),2018.12.24
161,9.46,3-254화 1.다이크(254),2018.12.20
162,9.71,3-253화 1.다이크(253),2018.12.18
163,9.70,3-252화 1.다이크(252),2018.12.16
164,9.63,3-251화 1.다이크(251),2018.12.14
165,9.59,3-250화 1.다이크(250),2018.12.12
166,9.30,3-249화 1.다이크(249),2018.12.10
167,9.18,3-248화 1.다이크(248),2018.12.08
168,9.53,3-247화 1.다이크(247),2018.12.03
169,9.75,3-246화 1.다이크(246),2018.12.02
170,9.64,3-245화 1.다이크(245),2018.12.01
171,9.60,3-244화 1.다이크(244),2018.11.26
172,9.77,3-243화 1.다이크(243),2018.11.24
173,9.80,3-242화 1.다이크(242),2018.11.22
174,9.78,3-241화 1.다이크(241),2018.11.19
175,9.78,3-240화 1.다이크(240),2018.11.17
176,9.77,3-239화 1.다이크(239),2018.11.15
177,9.78,3-238화 1.다이크(238),2018.11.12
178,9.71,3-237화 1.다이크(237),2018.11.11
179,9.68,3-236화 1.다이크(236),2018.11.08
180,9.70,3-235화 1.다이크(235),2018.11.06
181,9.28,3-234화 1.다이크(234),2018.11.05
182,9.17,3-233화 1.다이크(233),2018.11.02
183,9.67,3-232화 1.다이크(232),2018.10.30
184,9.59,3-231화 1.다이크(231),2018.10.28
185,9.60,3-230화 1.다이크(230),2018.10.26
186,9.53,3-229화 1.다이크(229),2018.10.24
187,9.37,3-228화 1.다이크(228),2018.10.20
188,9.75,3-227화 1.다이크(227),2018.10.19
189,9.73,3-226화 1.다이크(226),2018.10.16
190,9.73,3-225화 1.다이크(225),2018.10.14
191,9.77,3-224화 1.다이크(224),2018.10.11
192,9.74,3-223화 1.다이크(223),2018.10.09
193,9.73,3-222화 1.다이크(222),2018.10.07
194,9.75,3-221화 1.다이크(221),2018.10.04
195,9.78,3-220화 1.다이크(220),2018.10.01
196,9.67,3-219화 1.다이크(219),2018.10.01
197,9.24,3-218화 1.다이크(218),2018.09.29
198,9.49,3-217화 1.다이크(217),2018.09.26
199,9.52,3-216화 1.다이크(216),2018.09.23
200,9.74,3-215화 1.다이크(215),2018.09.21
201,9.74,3-214화 1.다이크(214),2018.09.18
202,9.72,3-213화 1.다이크(213),2018.09.16
203,9.71,3-212화 1.다이크(212),2018.09.14
204,9.73,3-211화 1.다이크(211),2018.09.11
205,9.65,3-210화 1.다이크(210),2018.09.09
206,9.50,3-209화 1.다이크(209),2018.09.07
207,9.66,3-208화 1.다이크(208),2018.09.04
208,9.70,3-207화 1.다이크(207),2018.09.02
209,9.63,3-206화 1.다이크(206),2018.08.31
210,9.57,3-205화 1.다이크(205),2018.08.29
211,9.48,3-204화 1.다이크(204),2018.08.26
212,9.75,3-203화 1.다이크(203),2018.08.24
213,9.65,3-202화 1.다이크(202),2018.08.22
214,9.49,3-201화 1.다이크(201),2018.08.18
215,9.80,3-200화 1.다이크(200),2018.08.16
216,9.80,3-199화 1.다이크(199),2018.08.14
217,9.78,3-198화 1.다이크(198),2018.08.12
218,9.75,3-197화 1.다이크(197),2018.08.09
219,9.80,3-196화 1.다이크(196),2018.08.07
220,9.75,3-195화 1.다이크(195),2018.08.05
221,9.77,3-194화 1.다이크(194),2018.08.02
222,9.78,3-193화 1.다이크(193),2018.07.31
223,9.70,3-192화 1.다이크(192),2018.07.29
224,9.76,3-191화 1.다이크(191),2018.07.27
225,9.77,3-190화 1.다이크(190),2018.07.23
226,9.77,3-189화 1.다이크(189),2018.07.22
227,9.77,3-188화 1.다이크(188),2018.07.20
228,9.74,3-187화 1.다이크(187),2018.07.17
229,9.74,3-186화 1.다이크(186),2018.07.15
230,9.75,3-185화 1.다이크(185),2018.07.13
231,9.78,3-184화 1.다이크(184),2018.07.10
232,9.79,3-183화 1.다이크(183),2018.07.08
233,9.72,3-182화 1.다이크(182),2018.07.06
234,9.75,3-181화 1.다이크(181),2018.07.03
235,9.74,3-180화 1.다이크(180),2018.07.01
236,9.72,3-179화 1.다이크(179),2018.06.29
237,9.74,3-178화 1.다이크(178),2018.06.25
238,9.78,3-177화 1.다이크(177),2018.06.24
239,9.78,3-176화 1.다이크(176),2018.06.22
240,9.78,3-175화 1.다이크(175),2018.06.18
241,9.79,3-174화 1.다이크(174),2018.06.17
242,9.79,3-173화 1.다이크(173),2018.06.15
243,9.77,3-172화 1.다이크(172),2018.06.12
244,9.77,3-171화 1.다이크(171),2018.06.10
245,9.79,3-170화 1.다이크(170),2018.06.08
246,9.79,3-169화 1.다이크(169),2018.06.05
247,9.79,3-168화 1.다이크(168),2018.06.03
248,9.78,3-167화 1.다이크(167),2018.06.01
249,9.78,3-166화 1.다이크(166),2018.05.29
250,9.77,3-165화 1.다이크(165),2018.05.26
251,9.82,3-164화 1.다이크(164),2018.05.24
252,9.82,3-163화 1.다이크(163),2018.05.21
253,9.81,3-162화 1.다이크(162),2018.05.19
254,9.81,3-161화 1.다이크(161),2018.05.17
255,9.80,3-160화 1.다이크(160),2018.05.15
256,9.80,3-159화 1.다이크(159),2018.05.13
257,9.78,3-158화 1.다이크(158),2018.05.11
258,9.71,3-157화 1.다이크(157),2018.05.09
259,9.42,3-156화 1.다이크(156),2018.05.07
260,9.60,3-155화 1.다이크(155),2018.05.04
261,9.79,3-154화 1.다이크(154),2018.04.30
262,9.80,3-153화 1.다이크(153),2018.04.29
263,9.75,3-152화 1.다이크(152),2018.04.27
264,9.82,3-151화 1.다이크(151),2018.04.23
265,9.84,3-150화 1.다이크(150),2018.04.21
266,9.81,3-149화 1.다이크(149),2018.04.19
267,9.82,3-148화 1.다이크(148),2018.04.16
268,9.83,3-147화 1.다이크(147),2018.04.14
269,9.84,3-146화 1.다이크(146),2018.04.12
270,9.83,3-145화 1.다이크(145),2018.04.10
271,9.79,3-144화 1.다이크(144),2018.04.08
272,9.81,3-143화 1.다이크(143),2018.04.05
273,9.80,3-142화 1.다이크(142),2018.04.03
274,9.78,3-141화 1.다이크(141),2018.04.01
275,9.80,3-140화 1.다이크(140),2018.03.29
276,9.78,3-139화 1.다이크(139),2018.03.27
277,9.75,3-138화 1.다이크(138),2018.03.25
278,9.77,3-137화 1.다이크(137),2018.03.23
279,9.80,3-136화 1.다이크(136),2018.03.20
280,9.77,3-135화 1.다이크(135),2018.03.18
281,9.75,3-134화 1.다이크(134),2018.03.15
282,9.72,3-133화 1.다이크(133),2018.03.13
283,9.69,3-132화 1.다이크(132),2018.03.11
284,9.73,3-131화 1.다이크(131),2018.03.09
285,9.71,3-130화 1.다이크(130),2018.03.06
286,9.76,3-129화 1.다이크(129),2018.03.04
287,9.72,3-128화 1.다이크(128),2018.03.02
288,9.79,3-127화 1.다이크(127),2018.02.26
289,9.78,3-126화 1.다이크(126),2018.02.25
290,9.75,3-125화 1.다이크(125),2018.02.23
291,9.77,3-124화 1.다이크(124),2018.02.20
292,9.73,3-123화 1.다이크(123),2018.02.18
293,9.73,3-122화 1.다이크(122),2018.02.15
294,9.82,3-121화 1.다이크(121),2018.02.13
295,9.83,3-120화 1.다이크(120),2018.02.11
296,9.80,3-119화 1.다이크(119),2018.02.08
297,9.82,3-118화 1.다이크(118),2018.02.05
298,9.83,3-117화 1.다이크(117),2018.02.03
299,9.83,3-116화 1.다이크(116),2018.02.01
300,9.83,3-115화 1.다이크(115),2018.01.29
301,9.84,3-114화 1.다이크(114),2018.01.27
302,9.83,3-113화 1.다이크(113),2018.01.25
303,9.83,3-112화 1.다이크(112),2018.01.22
304,9.82,3-111화 1.다이크(111),2018.01.20
305,9.79,3-110화 1.다이크(110),2018.01.18
306,9.81,3-109화 1.다이크(109),2018.01.15
307,9.80,3-108화 1.다이크(108),2018.01.13
308,9.81,3-107화 1.다이크(107),2018.01.11
309,9.83,3-106화 1.다이크(106),2018.01.09
310,9.76,3-105화 1.다이크(105),2018.01.07
311,9.74,3-104화 1.다이크(104),2018.01.05
312,9.74,3-103화 1.다이크(103),2018.01.02
313,9.78,3-102화 1.다이크(102),2017.12.30
314,9.80,3-101화 1.다이크(101),2017.12.28
315,9.80,3-100화 1.다이크(100),2017.12.26
316,9.77,3-99화 1.다이크(99),2017.12.23
317,9.81,3-98화 1.다이크(98),2017.12.21
318,9.80,3-97화 1.다이크(97),2017.12.18
319,9.80,3-96화 1.다이크(96),2017.12.17
320,9.79,3-95화 1.다이크(95),2017.12.14
321,9.81,3-94화 1.다이크(94),2017.12.11
322,9.81,3-93화 1.다이크(93),2017.12.09
323,9.81,3-92화 1.다이크(92),2017.12.07
324,9.79,3-91화 1.다이크(91),2017.12.05
325,9.79,3-90화 1.다이크(90),2017.12.02
326,9.80,3-89화 1.다이크(89),2017.12.01
327,9.79,3-88화 1.다이크(88),2017.11.28
328,9.80,3-87화 1.다이크(87),2017.11.25
329,9.81,3-86화 1.다이크(86),2017.11.23
330,9.82,3-85화 1.다이크(85),2017.11.20
331,9.81,3-84화 1.다이크(84),2017.11.18
332,9.81,3-83화 1.다이크(83),2017.11.16
333,9.80,3-82화 1.다이크(82),2017.11.13
334,9.81,3-81화 1.다이크(81),2017.11.11
335,9.82,3-80화 1.다이크(80),2017.11.09
336,9.77,3-79화 1.다이크(79),2017.11.07
337,9.72,3-78화 1.다이크(78),2017.11.05
338,9.79,3-77화 1.다이크(77),2017.11.02
339,9.78,3-76화 1.다이크(76),2017.10.31
340,9.68,3-75화 1.다이크(75),2017.10.29
341,9.70,3-74화 1.다이크(74),2017.10.27
342,9.76,3-73화 1.다이크(73),2017.10.24
343,9.77,3-72화 1.다이크(72),2017.10.22
344,9.79,3-71화 1.다이크(71),2017.10.19
345,9.81,3-70화 1.다이크(70),2017.10.16
346,9.80,3-69화 1.다이크(69),2017.10.15
347,9.78,3-68화 1.다이크(68),2017.10.12
348,9.78,3-67화 1.다이크(67),2017.10.10
349,9.77,3-66화 1.다이크(66),2017.10.08
350,9.76,3-65화 1.다이크(65),2017.10.06
351,9.77,3-64화 1.다이크(64),2017.10.03
352,9.77,3-63화 1.다이크(63),2017.09.30
353,9.81,3-62화 1.다이크(62),2017.09.28
354,9.80,3-61화 1.다이크(61),2017.09.25
355,9.78,3-60화 1.다이크(60),2017.09.24
356,9.76,3-59화 1.다이크(59),2017.09.22
357,9.73,3-58화 1.다이크(58),2017.09.19
358,9.65,3-57화 1.다이크(57),2017.09.17
359,9.76,3-56화 1.다이크(56),2017.09.14
360,9.73,3-55화 1.다이크(55),2017.09.13
361,9.57,3-54화 1.다이크(54),2017.09.11
362,9.49,3-53화 1.다이크(53),2017.09.09
363,9.45,3-52화 1.다이크(52),2017.09.05
364,9.66,3-51화 1.다이크(51),2017.09.03
365,9.73,3-50화 1.다이크(50),2017.08.31
366,9.80,3-49화 1.다이크(49),2017.08.28
367,9.80,3-48화 1.다이크(48),2017.08.26
368,9.80,3-47화 1.다이크(47),2017.08.24
369,9.80,3-46화 1.다이크(46),2017.08.21
370,9.82,3-45화 1.다이크(45),2017.08.19
371,9.80,3-44화 1.다이크(44),2017.08.17
372,9.79,3-43화 1.다이크(43),2017.08.14
373,9.79,3-42화 1.다이크(42),2017.08.12
374,9.62,3-41화 1.다이크(41),2017.08.04
375,9.75,3-40화 1.다이크(40),2017.07.31
376,9.80,3-39화 1.다이크(39),2017.07.29
377,9.79,3-38화 1.다이크(38),2017.07.27
378,9.80,3-37화 1.다이크(37),2017.07.24
379,9.78,3-36화 1.다이크(36),2017.07.22
380,9.82,3-35화 1.다이크(35),2017.07.20
381,9.77,3-34화 1.다이크(34),2017.07.17
382,9.74,3-33화 1.다이크(33),2017.07.15
383,9.77,3-32화 1.다이크(32),2017.07.13
384,9.66,3-31화 1.다이크(31),2017.07.11
385,9.55,3-30화 1.다이크(30),2017.07.09
386,9.58,3-29화 1.다이크(29),2017.07.07
387,9.66,3-28화 1.다이크(28),2017.07.03
388,9.71,3-27화 1.다이크(27),2017.07.02
389,9.69,3-26화 1.다이크(26),2017.06.30
390,9.69,3-25화 1.다이크(25),2017.06.26
391,9.76,3-24화 1.다이크(24),2017.06.24
392,9.73,3-23화 1.다이크(23),2017.06.22
393,9.64,3-22화 1.다이크(22),2017.06.20
394,9.47,3-21화 1.다이크(21),2017.06.18
395,9.53,3-20화 1.다이크(20),2017.06.16
396,9.44,3-19화 1.다이크(19),2017.06.13
397,9.27,3-18화 1.다이크(18),2017.06.11
398,9.35,3-17화 1.다이크(17),2017.06.09
399,9.35,3-16화 1.다이크(16),2017.06.06
400,9.50,3-15화 1.다이크(15),2017.06.03
401,9.68,3-14화 1.다이크(14),2017.06.01
402,9.31,3-13화 1.다이크(13),2017.05.30
403,9.00,3-12화 1.다이크(12),2017.05.28
404,9.05,3-11화 1.다이크(11),2017.05.26
405,9.43,3-10화 1.다이크(10),2017.05.22
406,9.40,3-9화 1.다이크(9),2017.05.21
407,8.97,3-8화 1.다이크(8),2017.05.19
408,8.18,3-7화 1.다이크(7),2017.05.17
409,7.79,3-6화 1.다이크(6),2017.05.14
410,9.13,3-5화 1.다이크(5),2017.05.12
411,9.57,3-4화 1.다이크(4),2017.05.08
412,9.65,3-3화 1.다이크(3),2017.05.07
413,9.52,3-2화 1.다이크(2),2017.05.05
414,9.27,3-1화 1.다이크(1),2017.05.01
415,9.74,2-678화 3.A.E.(21),2017.04.30
416,9.78,2-677화 3.A.E.(20),2017.04.27
417,9.76,2-676화 3.A.E.(19),2017.04.24
418,9.74,2-675화 3.A.E.(18),2017.04.22
419,9.69,2-674화 3.A.E.(17),2017.04.20
420,9.53,2-673화 3.A.E.(16),2017.04.18
421,8.71,2-672화 3.A.E.(15),2017.04.16
422,9.60,2-671화 3.A.E.(14),2017.04.13
423,9.68,2-670화 3.A.E.(13),2017.04.10
424,9.14,2-669화 3.A.E.(12),2017.04.09
425,8.47,2-668화 3.A.E.(11),2017.04.07
426,8.24,2-667화 3.A.E.(10),2017.04.05
427,6.93,2-666화 3.A.E.(9),2017.04.02
428,9.61,2-665화 3.A.E.(8),2017.03.31
429,9.68,2-664화 3.A.E.(7),2017.03.27
430,9.68,2-663화 3.A.E.(6),2017.03.26
431,9.63,2-662화 3.A.E.(5),2017.03.24
432,9.62,2-661화 3.A.E.(4),2017.03.20
433,9.73,2-660화 3.A.E.(3),2017.03.18
434,9.73,2-659화 3.A.E.(2),2017.03.17
435,9.65,2-658화 3.A.E.(1),2017.03.14
436,9.73,2-657화 3.The knight(185),2017.03.11
437,9.72,2-656화 3.The knight(184),2017.03.10
438,9.63,2-655화 3.The knight(183),2017.03.07
439,9.52,2-654화 3.The knight(182),2017.03.05
440,9.64,2-653화 3.The knight(181),2017.03.03
441,9.67,2-652화 3.The knight(180),2017.02.28
442,9.47,2-651화 3.The knight(179),2017.02.26
443,9.41,2-650화 3.The knight(178),2017.02.24
444,9.51,2-649화 3.The knight(177),2017.02.20
445,9.72,2-648화 3.The knight(176),2017.02.18
446,9.72,2-647화 3.The knight(175),2017.02.16
447,9.70,2-646화 3.The knight(174),2017.02.14
448,9.62,2-645화 3.The knight(173),2017.02.11
449,9.75,2-644화 3.The knight(172),2017.02.09
450,9.70,2-643화 3.The knight(171),2017.02.07
451,9.67,2-642화 3.The knight(170),2017.02.04
452,9.73,2-641화 3.The knight(169),2017.02.02
453,9.71,2-640화 3.The knight(168),2017.01.31
454,9.80,2-639화 3.The knight(167),2017.01.29
455,9.64,2-638화 3.The knight(166),2017.01.26
456,9.72,2-637화 3.The knight(165),2017.01.23
457,9.38,2-636화 3.The knight(164),2017.01.22
458,8.96,2-635화 3.The knight(163),2017.01.20
459,8.84,2-634화 3.The knight(162),2017.01.17
460,9.16,2-633화 3.The knight(161),2017.01.15
461,9.30,2-632화 3.The knight(160),2017.01.13
462,8.88,2-631화 3.The knight(159),2017.01.10
463,8.67,2-630화 3.The knight(158),2017.01.08
464,9.27,2-629화 3.The knight(157),2017.01.06
465,9.31,2-628화 3.The knight(156),2017.01.03
466,8.19,2-627화 3.The knight(155),2017.01.02
467,7.87,2-626화 3.The knight(154),2016.12.30
468,9.26,2-625화 3.The knight(153),2016.12.27
469,9.01,2-624화 3.The knight(152),2016.12.25
470,9.43,2-623화 3.The knight(151),2016.12.22
471,9.44,2-622화 3.The knight(150),2016.12.20
472,8.57,2-621화 3.The knight(149),2016.12.18
473,8.69,2-620화 3.The knight(148),2016.12.16
474,8.95,2-619화 3.The knight(147),2016.12.13
475,9.17,2-618화 3.The knight(146),2016.12.11
476,9.26,2-617화 3.The knight(145),2016.12.09
477,9.08,2-616화 3.The knight(144),2016.12.05
478,9.06,2-615화 3.The knight(143),2016.12.04
479,8.44,2-614화 3.The knight(142),2016.12.02
480,8.82,2-613화 3.The knight(141),2016.11.28
481,8.90,2-612화 3.The knight(140),2016.11.27
482,8.37,2-611화 3.The knight(139),2016.11.24
483,9.52,2-610화 3.The knight(138),2016.11.21
484,9.25,2-609화 3.The knight(137),2016.11.20
485,8.81,2-608화 3.The knight(136),2016.11.18
486,8.35,2-607화 3.The knight(135),2016.11.16
487,6.99,2-606화 3.The knight(134),2016.11.14
488,5.77,2-605화 3.The knight(133),2016.11.11
489,9.16,2-604화 3.The knight(132),2016.11.08
490,9.38,2-603화 3.The knight(131),2016.11.06
491,9.39,2-602화 3.The knight(130),2016.11.04
492,9.41,2-601화 3.The knight(129),2016.11.01
493,9.47,2-600화 3.The knight(128),2016.10.30
494,9.60,2-599화 3.The knight(127),2016.10.27
495,9.64,2-598화 3.The knight(126),2016.10.24
496,9.63,2-597화 3.The knight(125),2016.10.22
497,9.62,2-596화 3.The knight(124),2016.10.20
498,9.53,2-595화 3.The knight(123),2016.10.18
499,9.25,2-594화 3.The knight(122),2016.10.15
500,9.62,2-593화 3.The knight(121),2016.10.13
501,9.59,2-592화 3.The knight(120),2016.10.11
502,9.50,2-591화 3.The knight(119),2016.10.09
503,9.54,2-590화 3.The knight(118),2016.10.06
504,9.50,2-589화 3.The knight(117),2016.10.04
505,8.88,2-588화 3.The knight(116),2016.10.02
506,8.88,2-587화 3.The knight(115),2016.09.30
507,9.23,2-586화 3.The knight(114),2016.09.27
508,9.04,2-585화 3.The knight(113),2016.09.25
509,8.83,2-584화 3.The knight(112),2016.09.23
510,9.27,2-583화 3.The knight(111),2016.09.19
511,9.49,2-582화 3.The knight(110),2016.09.18
512,8.90,2-581화 3.The knight(109),2016.09.16
513,9.16,2-580화 3.The knight(108),2016.09.13
514,9.41,2-579화 3.The knight(107),2016.09.10
515,9.55,2-578화 3.The knight(106),2016.09.08
516,9.55,2-577화 3.The knight(105),2016.09.06
517,9.36,2-576화 3.The knight(104),2016.09.04
518,9.11,2-575화 3.The knight(103),2016.09.02
519,9.33,2-574화 3.The knight(102),2016.08.29
520,9.31,2-573화 3.The knight(101),2016.08.27
521,9.31,2-572화 3.The knight(100),2016.08.25
522,9.30,2-571화 3.The knight(99),2016.08.22
523,9.24,2-570화 3.The knight(98),2016.08.20
524,9.18,2-569화 3.The knight(97),2016.08.18
525,9.13,2-568화 3.The knight(96),2016.08.15
526,9.06,2-567화 3.The knight(95),2016.08.14
527,8.88,2-566화 3.The knight(94),2016.08.11
528,8.86,2-565화 3.The knight(93),2016.08.09
529,8.67,2-564화 3.The knight(92),2016.08.07
530,8.64,2-563화 3.The knight(91),2016.08.05
531,7.94,2-562화 3.The knight(90),2016.08.01
532,8.19,2-561화 3.The knight(89),2016.07.30
533,8.20,2-560화 3.The knight(88),2016.07.29
534,7.37,2-559화 3.The knight(87),2016.07.26
535,6.83,2-558화 3.The knight(86),2016.07.24
536,6.41,2-557화 3.The knight(85),2016.07.22
537,7.26,2-556화 3.The knight(84),2016.07.18
538,9.04,2-555화 3.The knight(83),2016.07.16
539,9.29,2-554화 3.The knight(82),2016.07.14
540,9.46,2-553화 3.The knight(81),2016.07.12
541,9.39,2-552화 3.The knight(80),2016.07.10
542,9.45,2-551화 3.The knight(79),2016.07.08
543,9.34,2-550화 3.The knight(78),2016.07.04
544,9.61,2-549화 3.The knight(77),2016.07.02
545,9.63,2-548화 3.The knight(76),2016.07.01
546,9.58,2-547화 3.The knight(75),2016.06.27
547,9.66,2-546화 3.The knight(74),2016.06.25
548,9.71,2-545화 3.The knight(73),2016.06.23
549,9.68,2-544화 3.The knight(72),2016.06.20
550,9.68,2-543화 3.The knight(71),2016.06.18
551,9.67,2-542화 3.The knight(70),2016.06.16
552,9.69,2-541화 3.The knight(69),2016.06.13
553,9.70,2-540화 3.The knight(68),2016.06.11
554,9.68,2-539화 3.The knight(67),2016.06.09
555,9.68,2-538화 3.The knight(66),2016.06.06
556,9.69,2-537화 3.The knight(65),2016.06.04
557,9.69,2-536화 3.The knight(64),2016.06.02
558,9.69,2-535화 3.The knight(63),2016.05.30
559,9.71,2-534화 3.The knight(62),2016.05.28
560,9.71,2-533화 3.The knight(61),2016.05.26
561,9.71,2-532화 3.The knight(60),2016.05.23
562,9.70,2-531화 3.The knight(59),2016.05.21
563,9.71,2-530화 3.The knight(58),2016.05.19
564,9.69,2-529화 3.The knight(57),2016.05.16
565,9.70,2-528화 3.The knight(56),2016.05.14
566,9.72,2-527화 3.The knight(55),2016.05.12
567,9.69,2-526화 3.The knight(54),2016.05.10
568,9.46,2-525화 3.The knight(53),2016.05.08
569,9.63,2-524화 3.The knight(52),2016.05.05
570,9.66,2-523화 3.The knight(51),2016.05.03
571,9.61,2-522화 3.The knight(50),2016.04.30
572,9.67,2-521화 3.The knight(49),2016.04.29
573,9.54,2-520화 3.The knight(48),2016.04.26
574,9.58,2-519화 3.The knight(47),2016.04.23
575,9.71,2-518화 3.The knight(46),2016.04.21
576,9.67,2-517화 3.The knight(45),2016.04.18
577,9.69,2-516화 3.The knight(44),2016.04.16
578,9.69,2-515화 3.The knight(43),2016.04.14
579,9.71,2-514화 3.The knight(42),2016.04.11
580,9.69,2-513화 3.The knight(41),2016.04.09
581,9.69,2-512화 3.The knight(40),2016.04.07
582,9.69,2-511화 3.The knight(39),2016.04.04
583,9.69,2-510화 3.The knight(38),2016.04.02
584,9.69,2-509화 3.The knight(37),2016.03.31
585,9.69,2-508화 3.The knight(36),2016.03.28
586,9.69,2-507화 3.The knight(35),2016.03.26
587,9.68,2-506화 3.The knight(34),2016.03.24
588,9.70,2-505화 3.The knight(33),2016.03.21
589,9.68,2-504화 3.The knight(32),2016.03.19
590,9.68,2-503화 3.The knight(31),2016.03.17
591,9.68,2-502화 3.The knight(30),2016.03.14
592,9.68,2-501화 3.The knight(29),2016.03.12
593,9.68,2-500화 3.The knight(28),2016.03.10
594,9.68,2-499화 3.The knight(27),2016.03.07
595,9.67,2-498화 3.The knight(26),2016.03.05
596,9.66,2-497화 3.The knight(25),2016.03.03
597,9.68,2-496화 3.The knight(24),2016.02.29
598,9.68,2-495화 3.The knight(23),2016.02.27
599,9.69,2-494화 3.The knight(22),2016.02.25
600,9.69,2-493화 3.The knight(21),2016.02.22
601,9.68,2-492화 3.The knight(20),2016.02.20
602,9.67,2-491화 3.The knight(19),2016.02.18
603,9.67,2-490화 3.The knight(18),2016.02.15
604,9.69,2-489화 3.The knight(17),2016.02.13
605,9.70,2-488화 3.The knight(16),2016.02.11
606,9.68,2-487화 3.The knight(15),2016.02.08
607,9.67,2-486화 3.The knight(14),2016.02.06
608,9.66,2-485화 3.The knight(13),2016.02.04
609,9.67,2-484화 3.The knight(12),2016.02.01
610,9.67,2-483화 3.The knight(11),2016.01.30
611,9.66,2-482화 3.The knight(10),2016.01.28
612,9.66,2-481화 3.The knight(9),2016.01.25
613,9.68,2-480화 3.The knight(8),2016.01.23
614,9.67,2-479화 3.The knight(7),2016.01.21
615,9.66,2-478화 3.The knight(6),2016.01.18
616,9.64,2-477화 3.The knight(5),2016.01.16
617,9.67,2-476화 3.The knight(4),2016.01.14
618,9.66,2-475화 3.The knight(3),2016.01.11
619,9.67,2-474화 3.The knight(2),2016.01.09
620,9.66,2-473화 3.The knight(1),2016.01.07
621,9.67,2-472화 2.A.E.(2-18),2016.01.04
622,9.67,2-471화 2.A.E.(2-17),2016.01.02
623,9.68,2-470화 2.A.E.(2-16),2015.12.31
624,9.69,2-469화 2.A.E.(2-15),2015.12.28
625,9.67,2-468화 2.A.E.(2-14),2015.12.27
626,9.58,2-467화 2.A.E.(2-13),2015.12.24
627,9.65,2-466화 2.A.E.(2-12),2015.12.22
628,9.57,2-465화 2.A.E.(2-11),2015.12.19
629,9.67,2-464화 2.A.E.(2-10),2015.12.17
630,9.65,2-463화 2.A.E.(2-9),2015.12.14
631,9.66,2-462화 2.A.E.(2-8),2015.12.12
632,9.68,2-461화 2.A.E.(2-7),2015.12.10
633,9.66,2-460화 2.A.E.(2-6),2015.12.07
634,9.66,2-459화 2.A.E.(2-5),2015.12.05
635,9.67,2-458화 2.A.E.(2-4),2015.12.03
636,9.67,2-457화 2.A.E.(2-3),2015.11.30
637,9.67,2-456화 2.A.E.(2-2),2015.11.28
638,9.63,2-455화 2.A.E.(2-1),2015.11.26
639,9.62,2-454화 2.콴의 냉장고(241),2015.11.23
640,9.64,2-453화 2.콴의 냉장고(240),2015.11.21
641,9.65,2-452화 2.콴의 냉장고(239),2015.11.19
642,9.66,2-451화 2.콴의 냉장고(238),2015.11.16
643,9.60,2-450화 2.콴의 냉장고(237),2015.11.14
644,9.61,2-449화 2.콴의 냉장고(236),2015.11.12
645,9.59,2-448화 2.콴의 냉장고(235),2015.11.09
646,9.62,2-447화 2.콴의 냉장고(234),2015.11.07
647,9.55,2-446화 2.콴의 냉장고(233),2015.11.05
648,9.59,2-445화 2.콴의 냉장고(232),2015.11.02
649,9.62,2-444화 2.콴의 냉장고(231),2015.10.31
650,9.63,2-443화 2.콴의 냉장고(230),2015.10.29
651,9.56,2-442화 2.콴의 냉장고(229),2015.10.27
652,9.45,2-441화 2.콴의 냉장고(228),2015.10.24
653,9.56,2-440화 2.콴의 냉장고(227),2015.10.22
654,9.58,2-439화 2.콴의 냉장고(226),2015.10.19
655,9.56,2-438화 2.콴의 냉장고(225),2015.10.17
656,9.57,2-437화 2.콴의 냉장고(224),2015.10.15
657,9.55,2-436화 2.콴의 냉장고(223),2015.10.12
658,9.43,2-435화 2.콴의 냉장고(222),2015.10.11
659,8.51,2-434화 2.콴의 냉장고(221),2015.10.08
660,9.48,2-433화 2.콴의 냉장고(220),2015.10.05
661,9.42,2-432화 2.콴의 냉장고(219),2015.10.03
662,9.50,2-431화 2.콴의 냉장고(218),2015.10.01
663,9.51,2-430화 2.콴의 냉장고(217),2015.09.28
664,9.54,2-429화 2.콴의 냉장고(216),2015.09.26
665,9.52,2-428화 2.콴의 냉장고(215),2015.09.24
666,9.48,2-427화 2.콴의 냉장고(214),2015.09.21
667,9.73,2-426화 2.콴의 냉장고(213),2015.09.19
668,9.36,2-425화 2.콴의 냉장고(212),2015.09.17
669,9.40,2-424화 2.콴의 냉장고(211),2015.09.14
670,9.38,2-423화 2.콴의 냉장고(210),2015.09.12
671,9.44,2-422화 2.콴의 냉장고(209),2015.09.10
672,9.21,2-421화 2.콴의 냉장고(208),2015.09.07
673,9.21,2-420화 2.콴의 냉장고(207),2015.09.05
674,9.22,2-419화 2.콴의 냉장고(206),2015.09.03
675,9.17,2-418화 2.콴의 냉장고(205),2015.08.31
676,9.11,2-417화 2.콴의 냉장고(204),2015.08.29
677,9.09,2-416화 2.콴의 냉장고(203),2015.08.27
678,9.09,2-415화 2.콴의 냉장고(202),2015.08.24
679,9.02,2-414화 2.콴의 냉장고(201),2015.08.22
680,8.97,2-413화 2.콴의 냉장고(200),2015.08.20
681,8.93,2-412화 2.콴의 냉장고(199),2015.08.17
682,8.94,2-411화 2.콴의 냉장고(198),2015.08.15
683,8.88,2-410화 2.콴의 냉장고(197),2015.08.13
684,8.87,2-409화 2.콴의 냉장고(196),2015.08.10
685,8.76,2-408화 2.콴의 냉장고(195),2015.08.08
686,8.70,2-407화 2.콴의 냉장고(194),2015.08.06
687,8.63,2-406화 2.콴의 냉장고(193),2015.08.03
688,8.44,2-405화 2.콴의 냉장고(192),2015.08.01
689,8.55,2-404화 2.콴의 냉장고(191),2015.07.30
690,8.49,2-403화 2.콴의 냉장고(190),2015.07.27
691,8.41,2-402화 2.콴의 냉장고(189),2015.07.25
692,8.29,2-401화 2.콴의 냉장고(188),2015.07.23
693,8.40,2-400화 2.콴의 냉장고(187),2015.07.20
694,8.12,2-399화 2.콴의 냉장고(186),2015.07.18
695,7.85,2-398화 2.콴의 냉장고(185),2015.07.16
696,7.52,2-397화 2.콴의 냉장고(184),2015.07.13
697,7.06,2-396화 2.콴의 냉장고(183),2015.07.11
698,6.27,2-395화 2.콴의 냉장고(182),2015.07.09
699,4.40,2-394화 2.콴의 냉장고(181),2015.07.06
700,5.11,2-393화 2.콴의 냉장고(180),2014.07.29
701,7.83,2-392화 2.콴의 냉장고(179),2014.07.25
702,8.68,2-391화 2.콴의 냉장고(178),2014.07.23
703,8.95,2-390화 2.콴의 냉장고(177),2014.07.21
704,9.04,2-389화 2.콴의 냉장고(176),2014.07.16
705,9.26,2-388화 2.콴의 냉장고(175),2014.07.14
706,9.34,2-387화 2.콴의 냉장고(174),2014.07.12
707,9.47,2-386화 2.콴의 냉장고(173),2014.07.08
708,9.48,2-385화 2.콴의 냉장고(172),2014.07.04
709,9.53,2-384화 2.콴의 냉장고(171),2014.07.03
710,9.62,2-383화 2.콴의 냉장고(170),2014.07.01
711,9.65,2-382화 2.콴의 냉장고(169),2014.06.29
712,9.68,2-381화 2.콴의 냉장고(168),2014.06.27
713,9.68,2-380화 2.콴의 냉장고(167),2014.06.25
714,9.71,2-379화 2.콴의 냉장고(166),2014.06.23
715,9.71,2-378화 2.콴의 냉장고(165),2014.06.21
716,9.62,2-377화 2.콴의 냉장고(164),2014.06.18
717,9.61,2-376화 2.콴의 냉장고(163),2014.06.16
718,9.50,2-375화 2.콴의 냉장고(162),2014.06.13
719,9.69,2-374화 2.콴의 냉장고(161),2014.06.10
720,9.73,2-373화 2.콴의 냉장고(160),2014.06.08
721,9.65,2-372화 2.콴의 냉장고(159),2014.06.05
722,9.68,2-371화 2.콴의 냉장고(158),2014.06.02
723,9.74,2-370화 2.콴의 냉장고(157),2014.05.31
724,9.72,2-369화 2.콴의 냉장고(156),2014.05.27
725,9.78,2-368화 2.콴의 냉장고(155),2014.05.25
726,9.78,2-367화 2.콴의 냉장고(154),2014.05.23
727,9.80,2-366화 2.콴의 냉장고(153),2014.05.19
728,9.80,2-365화 2.콴의 냉장고(152),2014.05.17
729,9.80,2-364화 2.콴의 냉장고(151),2014.05.15
730,9.81,2-363화 2.콴의 냉장고(150),2014.05.12
731,9.81,2-362화 2.콴의 냉장고(149),2014.05.11
732,9.81,2-361화 2.콴의 냉장고(148),2014.05.10
733,9.81,2-360화 2.콴의 냉장고(147),2014.05.09
734,9.80,2-359화 2.콴의 냉장고(146),2014.05.07
735,9.78,2-358화 2.콴의 냉장고(145),2014.05.05
736,9.70,2-357화 2.콴의 냉장고(144),2014.05.02
737,9.73,2-356화 2.콴의 냉장고(143),2014.04.30
738,9.61,2-355화 2.콴의 냉장고(142),2014.04.27
739,9.66,2-354화 2.콴의 냉장고(141),2014.04.25
740,9.67,2-353화 2.콴의 냉장고(140),2014.04.23
741,9.44,2-352화 2.콴의 냉장고(139),2014.04.18
742,9.79,2-351화 2.콴의 냉장고(138),2014.04.17
743,9.81,2-350화 2.콴의 냉장고(137),2014.04.15
744,9.81,2-349화 2.콴의 냉장고(136),2014.04.12
745,9.82,2-348화 2.콴의 냉장고(135),2014.04.10
746,9.81,2-347화 2.콴의 냉장고(134),2014.04.08
747,9.80,2-346화 2.콴의 냉장고(133),2014.04.05
748,9.82,2-345화 2.콴의 냉장고(132),2014.04.04
749,9.81,2-344화 2.콴의 냉장고(131),2014.04.01
750,9.81,2-343화 2.콴의 냉장고(130),2014.03.30
751,9.80,2-342화 2.콴의 냉장고(129),2014.03.27
752,9.83,2-341화 2.콴의 냉장고(128),2014.03.25
753,9.85,2-340화 2.콴의 냉장고(127),2014.03.23
754,9.83,2-339화 2.콴의 냉장고(126),2014.03.20
755,9.83,2-338화 2.콴의 냉장고(125),2014.03.19
756,9.72,2-337화 2.콴의 냉장고(124),2014.03.15
757,9.81,2-336화 2.콴의 냉장고(123),2014.03.12
758,9.82,2-335화 2.콴의 냉장고(122),2014.03.10
759,9.82,2-334화 2.콴의 냉장고(121),2014.03.07
760,9.82,2-333화 2.콴의 냉장고(120),2014.03.05
761,9.82,2-332화 2.콴의 냉장고(119),2014.03.03
762,9.82,2-331화 2.콴의 냉장고(118),2014.03.01
763,9.80,2-330화 2.콴의 냉장고(117),2014.02.26
764,9.81,2-329화 2.콴의 냉장고(116),2014.02.24
765,9.75,2-328화 2.콴의 냉장고(115),2014.02.22
766,9.76,2-327화 2.콴의 냉장고(114),2014.02.18
767,9.82,2-326화 2.콴의 냉장고(113),2014.02.16
768,9.83,2-325화 2.콴의 냉장고(112),2014.02.14
769,9.83,2-324화 2.콴의 냉장고(111),2014.02.11
770,9.83,2-323화 2.콴의 냉장고(110),2014.02.09
771,9.81,2-322화 2.콴의 냉장고(109),2014.02.08
772,9.76,2-321화 2.콴의 냉장고(108),2014.02.05
773,9.82,2-320화 2.콴의 냉장고(107),2014.02.03
774,9.78,2-319화 2.콴의 냉장고(106),2014.02.01
775,9.71,2-318화 2.콴의 냉장고(105),2014.01.29
776,9.75,2-317화 2.콴의 냉장고(104),2014.01.26
777,9.81,2-316화 2.콴의 냉장고(103),2014.01.24
778,9.83,2-315화 2.콴의 냉장고(102),2014.01.22
779,9.81,2-314화 2.콴의 냉장고(101),2014.01.21
780,9.67,2-313화 2.콴의 냉장고(100),2014.01.19
781,9.41,2-312화 2.콴의 냉장고(99),2014.01.16
782,9.80,2-311화 2.콴의 냉장고(98),2014.01.12
783,9.82,2-310화 2.콴의 냉장고(97),2014.01.11
784,9.71,2-309화 2.콴의 냉장고(96),2014.01.08
785,9.61,2-308화 2.콴의 냉장고(95),2014.01.06
786,9.75,2-307화 2.콴의 냉장고(94),2014.01.03
787,9.81,2-306화 2.콴의 냉장고(93),2013.12.31
788,9.84,2-305화 2.콴의 냉장고(92),2013.12.29
789,9.83,2-304화 2.콴의 냉장고(91),2013.12.27
790,9.85,2-303화 2.콴의 냉장고(90),2013.12.24
791,9.84,2-302화 2.콴의 냉장고(89),2013.12.22
792,9.83,2-301화 2.콴의 냉장고(88),2013.12.20
793,9.83,2-300화 2.콴의 냉장고(87),2013.12.17
794,9.84,2-299화 2.콴의 냉장고(86),2013.12.15
795,9.85,2-298화 2.콴의 냉장고(85),2013.12.12
796,9.86,2-297화 2.콴의 냉장고(84),2013.12.10
797,9.81,2-296화 2.콴의 냉장고(83),2013.12.09
798,9.81,2-295화 2.콴의 냉장고(82),2013.12.06
799,9.84,2-294화 2.콴의 냉장고(81),2013.12.04
800,9.81,2-293화 2.콴의 냉장고(80),2013.12.01
801,9.84,2-292화 2.콴의 냉장고(79),2013.11.28
802,9.86,2-291화 2.콴의 냉장고(78),2013.11.26
803,9.84,2-290화 2.콴의 냉장고(77),2013.11.25
804,9.81,2-289화 2.콴의 냉장고(76),2013.11.22
805,9.85,2-288화 2.콴의 냉장고(75),2013.11.20
806,9.83,2-287화 2.콴의 냉장고(74),2013.11.18
807,9.82,2-286화 2.콴의 냉장고(73),2013.11.16
808,9.80,2-285화 2.콴의 냉장고(72),2013.11.13
809,9.81,2-284화 2.콴의 냉장고(71),2013.11.10
810,9.84,2-283화 2.콴의 냉장고(70),2013.11.07
811,9.84,2-282화 2.콴의 냉장고(69),2013.11.05
812,9.84,2-281화 2.콴의 냉장고(68),2013.11.02
813,9.84,2-280화 2.콴의 냉장고(67),2013.11.01
814,9.84,2-279화 2.콴의 냉장고(66),2013.10.29
815,9.85,2-278화 2.콴의 냉장고(65),2013.10.26
816,9.86,2-277화 2.콴의 냉장고(64),2013.10.24
817,9.86,2-276화 2.콴의 냉장고(63),2013.10.22
818,9.85,2-275화 2.콴의 냉장고(62),2013.10.21
819,9.83,2-274화 2.콴의 냉장고(61),2013.10.19
820,9.80,2-273화 2.콴의 냉장고(60),2013.10.15
821,9.85,2-272화 2.콴의 냉장고(59),2013.10.13
822,9.83,2-271화 2.콴의 냉장고(58),2013.10.11
823,9.82,2-270화 2.콴의 냉장고(57),2013.10.09
824,9.79,2-269화 2.콴의 냉장고(56),2013.10.07
825,9.77,2-268화 2.콴의 냉장고(55),2013.10.04
826,9.82,2-267화 2.콴의 냉장고(54),2013.10.01
827,9.84,2-266화 2.콴의 냉장고(53),2013.09.30
828,9.80,2-265화 2.콴의 냉장고(52),2013.09.28
829,9.81,2-264화 2.콴의 냉장고(51),2013.09.24
830,9.86,2-263화 2.콴의 냉장고(50),2013.09.23
831,9.78,2-262화 2.콴의 냉장고(49),2013.09.21
832,9.70,2-261화 2.콴의 냉장고(48),2013.09.16
833,9.84,2-260화 2.콴의 냉장고(47),2013.09.15
834,9.76,2-259화 2.콴의 냉장고(46),2013.09.14
835,9.71,2-258화 2.콴의 냉장고(45),2013.09.09
836,9.83,2-257화 2.콴의 냉장고(44),2013.09.08
837,9.81,2-256화 2.콴의 냉장고(43),2013.09.06
838,9.83,2-255화 2.콴의 냉장고(42),2013.09.03
839,9.83,2-254화 2.콴의 냉장고(41),2013.09.01
840,9.83,2-253화 2.콴의 냉장고(40),2013.08.29
841,9.85,2-252화 2.콴의 냉장고(39),2013.08.27
842,9.68,2-251화 2.콴의 냉장고(38),2013.08.26
843,9.62,2-250화 2.콴의 냉장고(37),2013.08.23
844,9.81,2-249화 2.콴의 냉장고(36),2013.08.20
845,9.83,2-248화 2.콴의 냉장고(35),2013.08.18
846,9.83,2-247화 2.콴의 냉장고(34),2013.08.15
847,9.86,2-246화 2.콴의 냉장고(33),2013.08.13
848,9.83,2-245화 2.콴의 냉장고(32),2013.08.11
849,9.82,2-244화 2.콴의 냉장고(31),2013.08.09
850,9.82,2-243화 2.콴의 냉장고(30),2013.08.06
851,9.83,2-242화 2.콴의 냉장고(29),2013.08.04
852,9.82,2-241화 2.콴의 냉장고(28),2013.08.02
853,9.86,2-240화 2.콴의 냉장고(27),2013.07.29
854,9.87,2-239화 2.콴의 냉장고(26),2013.07.27
855,9.87,2-238화 2.콴의 냉장고(25),2013.07.25
856,9.86,2-237화 2.콴의 냉장고(24),2013.07.23
857,9.83,2-236화 2.콴의 냉장고(23),2013.07.20
858,9.87,2-235화 2.콴의 냉장고(22),2013.07.18
859,9.87,2-234화 2.콴의 냉장고(21),2013.07.16
860,9.86,2-233화 2.콴의 냉장고(20),2013.07.13
861,9.87,2-232화 2.콴의 냉장고(19),2013.07.11
862,9.87,2-231화 2.콴의 냉장고(18),2013.07.09
863,9.86,2-230화 2.콴의 냉장고(17),2013.07.06
864,9.86,2-229화 2.콴의 냉장고(16),2013.07.04
865,9.87,2-228화 2.콴의 냉장고(15),2013.07.02
866,9.86,2-227화 2.콴의 냉장고(14),2013.06.29
867,9.85,2-226화 2.콴의 냉장고(13),2013.06.28
868,9.86,2-225화 2.콴의 냉장고(12),2013.06.24
869,9.86,2-224화 2.콴의 냉장고(11),2013.06.22
870,9.87,2-223화 2.콴의 냉장고(10),2013.06.21
871,9.86,2-222화 2.콴의 냉장고(9),2013.06.17
872,9.87,2-221화 2.콴의 냉장고(8),2013.06.15
873,9.87,2-220화 2.콴의 냉장고(7),2013.06.13
874,9.88,2-219화 2.콴의 냉장고(6),2013.06.11
875,9.88,2-218화 2.콴의 냉장고(5),2013.06.08
876,9.88,2-217화 2.콴의 냉장고(4),2013.06.06
877,9.88,2-216화 2.콴의 냉장고(3),2013.06.03
878,9.87,2-215화 2.콴의 냉장고(2),2013.06.02
879,9.86,2-214화 2.콴의 냉장고(1),2013.05.30
880,9.88,2-213화 2.A.E(24),2013.05.27
881,9.87,2-212화 2.A.E(23),2013.05.26
882,9.86,2-211화 2.A.E(22),2013.05.23
883,9.88,2-210화 2.A.E(21),2013.05.20
884,9.88,2-209화 2.A.E(20),2013.05.18
885,9.88,2-208화 2.A.E(19),2013.05.16
886,9.89,2-207화 2.A.E(18),2013.05.13
887,9.88,2-206화 2.A.E(17),2013.05.11
888,9.88,2-205화 2.A.E(16),2013.05.09
889,9.88,2-204화 2.A.E(15),2013.05.06
890,9.88,2-203화 2.A.E(14),2013.05.04
891,9.88,2-202화 2.A.E(13),2013.05.03
892,9.88,2-201화 2.A.E(12),2013.04.29
893,9.88,2-200화 2.A.E(11),2013.04.27
894,9.88,2-199화 2.A.E(10),2013.04.25
895,9.88,2-198화 2.A.E(9),2013.04.22
896,9.88,2-197화 2.A.E(8),2013.04.20
897,9.88,2-196화 2.A.E(7),2013.04.18
898,9.89,2-195화 2.A.E(6),2013.04.15
899,9.88,2-194화 2.A.E(5),2013.04.13
900,9.88,2-193화 2.A.E(4),2013.04.11
901,9.88,2-192화 2.A.E(3),2013.04.08
902,9.88,2-191화 2.A.E(2),2013.04.06
903,9.88,2-190화 2.A.E(1),2013.04.05
904,9.89,2-189화 S.E. 라미레코드(4),2013.04.04
905,9.88,2-188화 S.E. 라미레코드(3),2013.04.04
906,9.88,2-187화 S.E. 라미레코드(2),2013.04.02
907,9.88,2-186화 S.E. 라미레코드(1),2013.04.02
908,9.89,2-185화 1.A.E(14),2013.04.01
909,9.88,2-184화 1.A.E(13),2013.03.30
910,9.89,2-183화 1.A.E(12),2013.03.28
911,9.89,2-182화 1.A.E(11),2013.03.25
912,9.88,2-181화 1.A.E(10),2013.03.23
913,9.88,2-180화 1.A.E(9),2013.03.21
914,9.88,2-179화 1.A.E(8),2013.03.18
915,9.89,2-178화 1.A.E(7),2013.03.16
916,9.88,2-177화 1.A.E(6),2013.03.14
917,9.89,2-176화 1.A.E(5),2013.03.11
918,9.88,2-175화 1.A.E(4),2013.03.09
919,9.89,2-174화 1.A.E(3),2013.03.07
920,9.89,2-173화 1.A.E(2),2013.03.04
921,9.88,2-172화 1.A.E(1),2013.03.02
922,9.88,2-171화 a catnap(171),2013.02.28
923,9.89,2-170화 a catnap(170),2013.02.25
924,9.86,2-169화 a catnap(169),2013.02.23
925,9.90,2-168화 a catnap(168),2013.02.21
926,9.87,2-167화 a catnap(167),2013.02.19
927,9.79,2-166화 a catnap(166),2013.02.18
928,9.65,2-165화 a catnap(165),2013.02.15
929,9.82,2-164화 a catnap(164),2013.02.12
930,9.81,2-163화 a catnap(163),2013.02.11
931,9.74,2-162화 a catnap(162),2013.02.09
932,9.75,2-161화 a catnap(161),2013.02.05
933,9.73,2-160화 a catnap(160),2013.02.04
934,9.69,2-159화 a catnap(159),2013.02.01
935,9.78,2-158화 a catnap(158),2013.01.30
936,9.72,2-157화 a catnap(157),2013.01.27
937,9.71,2-156화 a catnap(156),2013.01.26
938,9.70,2-155화 a catnap(155),2013.01.23
939,9.74,2-154화 a catnap(154),2013.01.20
940,9.80,2-153화 a catnap(153),2013.01.18
941,9.77,2-152화 a catnap(152),2013.01.17
942,9.70,2-151화 a catnap(151),2013.01.13
943,9.77,2-150화 a catnap(150),2013.01.12
944,9.78,2-149화 a catnap(149),2013.01.08
945,9.79,2-148화 a catnap(148),2013.01.06
946,9.76,2-147화 a catnap(147),2013.01.04
947,9.80,2-146화 a catnap(146),2013.01.01
948,9.77,2-145화 a catnap(145),2012.12.31
949,9.71,2-144화 a catnap(144),2012.12.28
950,9.76,2-143화 a catnap(143),2012.12.25
951,9.82,2-142화 a catnap(142),2012.12.23
952,9.81,2-141화 a catnap(141),2012.12.21
953,9.83,2-140화 a catnap(140),2012.12.18
954,9.84,2-139화 a catnap(139),2012.12.16
955,9.76,2-138화 a catnap(138),2012.12.15
956,9.75,2-137화 a catnap(137),2012.12.12
957,9.83,2-136화 a catnap(136),2012.12.09
958,9.70,2-135화 a catnap(135),2012.12.08
959,9.76,2-134화 a catnap(134),2012.12.04
960,9.80,2-133화 a catnap(133),2012.12.02
961,9.73,2-132화 a catnap(132),2012.11.30
962,9.83,2-131화 a catnap(131),2012.11.27
963,9.81,2-130화 a catnap(130),2012.11.25
964,9.74,2-129화 a catnap(129),2012.11.24
965,9.77,2-128화 a catnap(128),2012.11.21
966,9.77,2-127화 a catnap(127),2012.11.18
967,9.80,2-126화 a catnap(126),2012.11.16
968,9.83,2-125화 a catnap(125),2012.11.13
969,9.79,2-124화 a catnap(124),2012.11.11
970,9.77,2-123화 a catnap(123),2012.11.09
971,9.82,2-122화 a catnap(122),2012.11.06
972,9.82,2-121화 a catnap(121),2012.11.04
973,9.77,2-120화 a catnap(120),2012.11.02
974,9.84,2-119화 a catnap(119),2012.10.30
975,9.83,2-118화 a catnap(118),2012.10.28
976,9.78,2-117화 a catnap(117),2012.10.26
977,9.82,2-116화 a catnap(116),2012.10.23
978,9.81,2-115화 a catnap(115),2012.10.21
979,9.76,2-114화 a catnap(114),2012.10.19
980,9.83,2-113화 a catnap(113),2012.10.16
981,9.82,2-112화 a catnap(112),2012.10.14
982,9.76,2-111화 a catnap(111),2012.10.12
983,9.83,2-110화 a catnap(110),2012.10.09
984,9.84,2-109화 a catnap(109),2012.10.07
985,9.79,2-108화 a catnap(108),2012.10.05
986,9.83,2-107화 a catnap(107),2012.10.02
987,9.82,2-106화 a catnap(106),2012.09.30
988,9.81,2-105화 a catnap(105),2012.09.28
989,9.84,2-104화 a catnap(104),2012.09.25
990,9.84,2-103화 a catnap(103),2012.09.23
991,9.79,2-102화 a catnap(102),2012.09.21
992,9.83,2-101화 a catnap(101),2012.09.18
993,9.84,2-100화 a catnap(100),2012.09.16
994,9.80,2-99화 a catnap(99),2012.09.14
995,9.84,2-98화 a catnap(98),2012.09.11
996,9.85,2-97화 a catnap(97),2012.09.08
997,9.86,2-96화 a catnap(96),2012.09.06
998,9.86,2-95화 a catnap(95),2012.09.04
999,9.84,2-94화 a catnap(94),2012.09.02
1000,9.82,2-93화 a catnap(93),2012.08.31
1001,9.85,2-92화 a catnap(92),2012.08.28
1002,9.86,2-91화 a catnap(91),2012.08.26
1003,9.84,2-90화 a catnap(90),2012.08.24
1004,9.84,2-89화 a catnap(89),2012.08.21
1005,9.84,2-88화 a catnap(88),2012.08.19
1006,9.82,2-87화 a catnap(87),2012.08.17
1007,9.84,2-86화 a catnap(86),2012.08.14
1008,9.84,2-85화 a catnap(85),2012.08.11
1009,9.86,2-84화 a catnap(84),2012.08.09
1010,9.85,2-83화 a catnap(83),2012.08.07
1011,9.84,2-82화 a catnap(82),2012.08.05
1012,9.84,2-81화 a catnap(81),2012.08.03
1013,9.84,2-80화 a catnap(80),2012.07.31
1014,9.84,2-79화 a catnap(79),2012.07.29
1015,9.83,2-78화 a catnap(78),2012.07.27
1016,9.84,2-77화 a catnap(77),2012.07.23
1017,9.84,2-76화 a catnap(76),2012.07.22
1018,9.81,2-75화 a catnap(75),2012.07.20
1019,9.85,2-74화 a catnap(74),2012.07.17
1020,9.79,2-73화 a catnap(73),2012.07.16
1021,9.74,2-72화 a catnap(72),2012.07.13
1022,9.83,2-71화 a catnap(71),2012.07.10
1023,9.79,2-70화 a catnap(70),2012.07.08
1024,9.82,2-69화 a catnap(69),2012.07.06
1025,9.86,2-68화 a catnap(68),2012.07.02
1026,9.83,2-67화 a catnap(67),2012.07.01
1027,9.81,2-66화 a catnap(66),2012.06.29
1028,9.85,2-65화 a catnap(65),2012.06.25
1029,9.83,2-64화 a catnap(64),2012.06.24
1030,9.84,2-63화 a catnap(63),2012.06.22
1031,9.86,2-62화 a catnap(62),2012.06.18
1032,9.85,2-61화 a catnap(61),2012.06.17
1033,9.84,2-60화 a catnap(60),2012.06.15
1034,9.84,2-59화 a catnap(59),2012.06.11
1035,9.84,2-58화 a catnap(58),2012.06.10
1036,9.85,2-57화 a catnap(57),2012.06.08
1037,9.83,2-56화 a catnap(56),2012.06.04
1038,9.82,2-55화 a catnap(55),2012.06.03
1039,9.84,2-54화 a catnap(54),2012.06.01
1040,9.85,2-53화 a catnap(53),2012.05.29
1041,9.76,2-52화 a catnap(52),2012.05.27
1042,9.84,2-51화 a catnap(51),2012.05.25
1043,9.85,2-50화 a catnap(50),2012.05.22
1044,9.82,2-49화 a catnap(49),2012.05.20
1045,9.85,2-48화 a catnap(48),2012.05.18
1046,9.86,2-47화 a catnap(47),2012.05.14
1047,9.86,2-46화 a catnap(46),2012.05.13
1048,9.86,2-45화 a catnap(45),2012.05.11
1049,9.85,2-44화 a catnap(44),2012.05.07
1050,9.85,2-43화 a catnap(43),2012.05.06
1051,9.84,2-42화 a catnap(42),2012.05.04
1052,9.84,2-41화 a catnap(41),2012.04.30
1053,9.84,2-40화 a catnap(40),2012.04.29
1054,9.86,2-39화 a catnap(39),2012.04.27
1055,9.86,2-38화 a catnap(38),2012.04.23
1056,9.86,2-37화 a catnap(37),2012.04.22
1057,9.86,2-36화 a catnap(36),2012.04.20
1058,9.85,2-35화 a catnap(35),2012.04.16
1059,9.84,2-34화 a catnap(34),2012.04.15
1060,9.83,2-33화 a catnap(33),2012.04.13
1061,9.83,2-32화 a catnap(32),2012.04.09
1062,9.84,2-31화 a catnap(31),2012.04.08
1063,9.82,2-30화 a catnap(30),2012.04.06
1064,9.86,2-29화 a catnap(29),2012.04.03
1065,9.86,2-28화 a catnap(28),2012.04.02
1066,9.80,2-27화 a catnap(27),2012.03.30
1067,9.86,2-26화 a catnap(26),2012.03.26
1068,9.86,2-25화 a catnap(25),2012.03.25
1069,9.86,2-24화 a catnap(24),2012.03.23
1070,9.86,2-23화 a catnap(23),2012.03.19
1071,9.86,2-22화 a catnap(22),2012.03.18
1072,9.87,2-21화 a catnap(21),2012.03.16
1073,9.87,2-20화 a catnap(20),2012.03.12
1074,9.87,2-19화 a catnap(19),2012.03.11
1075,9.87,2-18화 a catnap(18),2012.03.09
1076,9.88,2-17화 a catnap(17),2012.03.05
1077,9.87,2-16화 a catnap(16),2012.03.04
1078,9.88,2-15화 a catnap(15),2012.03.02
1079,9.87,2-14화 a catnap(14),2012.02.27
1080,9.87,2-13화 a catnap(13),2012.02.26
1081,9.87,2-12화 a catnap(12),2012.02.24
1082,9.86,2-11화 a catnap(11),2012.02.20
1083,9.86,2-10화 a catnap(10),2012.02.19
1084,9.86,2-9화 a catnap(9),2012.02.18
1085,9.77,2-8화 a catnap(8),2012.02.13
1086,9.85,2-7화 a catnap(7),2012.02.12
1087,9.86,2-6화 a catnap(6),2012.02.10
1088,9.86,2-5화 a catnap(5),2012.02.06
1089,9.86,2-4화 a catnap(4),2012.02.05
1090,9.85,2-3화 a catnap(3),2012.02.04
1091,9.81,2-2화 a catnap(2),2012.01.30
1092,9.88,2-1화 a catnap(1),2012.01.29
1093,9.87,322화 A.E.(1-4),2012.01.27
1094,9.86,321화 A.E.(1-3),2012.01.23
1095,9.87,320화 A.E.(1-2),2012.01.22
1096,9.86,319화 A.E.(1-1),2012.01.20
1097,9.85,318화 A.E.(3-4),2012.01.16
1098,9.87,317화 A.E.(3-3),2012.01.15
1099,9.86,316화 A.E.(3-2),2012.01.14
1100,9.75,315화 A.E.(3),2012.01.09
1101,9.87,314화 A.E.(2),2012.01.08
1102,9.88,313화 A.E.(1),2012.01.07
1103,9.87,312화 God's lover(117),2012.01.02
1104,9.86,311화 God's lover(116),2012.01.01
1105,9.89,310화 God's lover(115),2011.12.30
1106,9.88,309화 God's lover(114),2011.12.26
1107,9.88,308화 God's lover(113),2011.12.25
1108,9.85,307화 God's lover(112),2011.12.23
1109,9.87,306화 God's lover(111),2011.12.19
1110,9.87,305화 God's lover(110),2011.12.18
1111,9.87,304화 God's lover(109),2011.12.16
1112,9.87,303화 God's lover(108),2011.12.12
1113,9.86,302화 God's lover(107),2011.12.11
1114,9.87,301화 God's lover(106),2011.12.09
1115,9.87,300화 God's lover(105),2011.12.05
1116,9.87,299화 God's lover(104),2011.12.04
1117,9.87,298화 God's lover(103),2011.12.02
1118,9.89,297화 God's lover(102),2011.11.28
1119,9.87,296화 God's lover(101),2011.11.27
1120,9.87,295화 God's lover(100),2011.11.25
1121,9.87,294화 God's lover(99),2011.11.21
1122,9.88,293화 God's lover(98),2011.11.20
1123,9.87,292화 God's lover(97),2011.11.18
1124,9.89,291화 God's lover(96),2011.11.14
1125,9.87,290화 God's lover(95),2011.11.13
1126,9.85,289화 God's lover(94),2011.11.11
1127,9.79,288화 God's lover(93),2011.11.07
1128,9.85,287화 God's lover(92),2011.11.06
1129,9.86,286화 God's lover(91),2011.11.04
1130,9.85,285화 God's lover(90),2011.10.31
1131,9.86,284화 God's lover(89),2011.10.30
1132,9.86,283화 God's lover(88),2011.10.28
1133,9.86,282화 God's lover(87),2011.10.24
1134,9.87,281화 God's lover(86),2011.10.23
1135,9.87,280화 God's lover(85),2011.10.21
1136,9.85,279화 God's lover(84),2011.10.17
1137,9.86,278화 God's lover(83),2011.10.16
1138,9.86,277화 God's lover(82),2011.10.14
1139,9.87,276화 God's lover(81),2011.10.10
1140,9.86,275화 God's lover(80),2011.10.09
1141,9.86,274화 God's lover(79),2011.10.07
1142,9.85,273화 God's lover(78),2011.10.03
1143,9.86,272화 God's lover(77),2011.10.02
1144,9.85,271화 God's lover(76),2011.09.30
1145,9.86,270화 God's lover(75),2011.09.26
1146,9.87,269화 God's lover(74),2011.09.25
1147,9.85,268화 God's lover(73),2011.09.23
1148,9.78,267화 God's lover(72),2011.09.19
1149,9.86,266화 God's lover(71),2011.09.18
1150,9.85,265화 God's lover(70),2011.09.16
1151,9.86,264화 God's lover(69),2011.09.12
1152,9.87,263화 God's lover(68),2011.09.11
1153,9.87,262화 God's lover(67),2011.09.09
1154,9.87,261화 God's lover(66),2011.09.05
1155,9.87,260화 God's lover(65),2011.09.04
1156,9.87,259화 God's lover(64),2011.09.02
1157,9.88,258화 God's lover(63),2011.08.29
1158,9.88,257화 God's lover(62),2011.08.28
1159,9.87,256화 God's lover(61),2011.08.26
1160,9.86,255화 God's lover(60),2011.08.22
1161,9.87,254화 God's lover(59),2011.08.21
1162,9.87,253화 God's lover(58),2011.08.19
1163,9.88,252화 God's lover(57),2011.08.15
1164,9.87,251화 God's lover(56),2011.08.14
1165,9.86,250화 God's lover(55),2011.08.12
1166,9.84,249화 God's lover(54),2011.08.08
1167,9.87,248화 God's lover(53),2011.08.07
1168,9.87,247화 God's lover(52),2011.08.05
1169,9.86,246화 God's lover(51),2011.08.01
1170,9.85,245화 God's lover(50),2011.07.31
1171,9.86,244화 God's lover(49),2011.07.29
1172,9.86,243화 God's lover(48),2011.07.25
1173,9.85,242화 God's lover(47),2011.07.24
1174,9.86,241화 God's lover(46),2011.07.22
1175,9.85,240화 God's lover(45),2011.07.18
1176,9.86,239화 God's lover(44),2011.07.17
1177,9.86,238화 God's lover(43),2011.07.15
1178,9.86,237화 God's lover(42),2011.07.11
1179,9.86,236화 God's lover(41),2011.07.10
1180,9.86,235화 God's lover(40),2011.07.08
1181,9.85,234화 God's lover(39),2011.07.04
1182,9.87,233화 God's lover(38),2011.07.03
1183,9.86,232화 God's lover(37),2011.07.01
1184,9.86,231화 God's lover(36),2011.06.27
1185,9.86,230화 God's lover(35),2011.06.26
1186,9.87,229화 God's lover(34),2011.06.24
1187,9.87,228화 God's lover(33),2011.06.20
1188,9.87,227화 God's lover(32),2011.06.19
1189,9.87,226화 God's lover(31),2011.06.17
1190,9.87,225화 God's lover(30),2011.06.13
1191,9.86,224화 God's lover(29),2011.06.12
1192,9.88,223화 God's lover(28),2011.06.10
1193,9.87,222화 God's lover(27),2011.06.06
1194,9.85,221화 God's lover(26),2011.06.05
1195,9.83,220화 God's lover(25),2011.06.03
1196,9.84,219화 God's lover(24),2011.05.30
1197,9.85,218화 God's lover(23),2011.05.29
1198,9.86,217화 God's lover(22),2011.05.27
1199,9.85,216화 God's lover(21),2011.05.23
1200,9.82,215화 God's lover(20),2011.05.22
1201,9.84,214화 God's lover(19),2011.05.20
1202,9.84,213화 God's lover(18),2011.05.16
1203,9.84,212화 God's lover(17),2011.05.15
1204,9.87,211화 God's lover(16),2011.05.13
1205,9.83,210화 God's lover(15),2011.05.09
1206,9.82,209화 God's lover(14),2011.05.08
1207,9.76,208화 God's lover(13),2011.05.07
1208,9.72,207화 God's lover(12),2011.05.02
1209,9.82,206화 God's lover(11),2011.05.01
1210,9.83,205화 God's lover(10),2011.04.30
1211,9.74,204화 God's lover(9),2011.04.25
1212,9.84,203화 God's lover(8),2011.04.24
1213,9.84,202화 God's lover(7),2011.04.22
1214,9.81,201화 God's lover(6),2011.04.18
1215,9.77,200화 God's lover(5),2011.04.18
1216,9.68,199화 God's lover(4),2011.04.16
1217,9.58,198화 God's lover(3),2011.04.11
1218,9.82,197화 God's lover(2),2011.04.10
1219,9.80,196화 God's lover(1),2011.04.08
1220,9.84,195화 A.E.(5),2011.04.04
1221,9.84,194화 A.E.(4),2011.04.03
1222,9.83,193화 A.E.(3),2011.04.01
1223,9.82,192화 A.E.(2),2011.03.28
1224,9.84,191화 A.E.(1),2011.03.27
1225,9.83,190화 피기어(33),2011.03.25
1226,9.82,189화 피기어(32),2011.03.21
1227,9.84,188화 피기어(31),2011.03.20
1228,9.78,187화 피기어(30),2011.03.19
1229,9.77,186화 피기어(29),2011.03.14
1230,9.83,185화 피기어(28),2011.03.13
1231,9.84,184화 피기어(27),2011.03.11
1232,9.83,183화 피기어(26),2011.03.07
1233,9.82,182화 피기어(25),2011.03.06
1234,9.82,181화 피기어(24),2011.03.04
1235,9.83,180화 피기어(23),2011.02.28
1236,9.83,179화 피기어(22),2011.02.27
1237,9.81,178화 피기어(21),2011.02.25
1238,9.71,177화 피기어(20),2011.02.21
1239,9.79,176화 피기어(19),2011.02.20
1240,9.78,175화 피기어(18),2011.02.18
1241,9.75,174화 피기어(17),2011.02.14
1242,9.63,173화 피기어(16),2011.02.14
1243,9.41,172화 피기어(15),2011.02.11
1244,9.80,171화 피기어(14),2011.02.07
1245,9.82,170화 피기어(13),2011.02.06
1246,9.82,169화 피기어(12),2011.02.04
1247,9.84,168화 피기어(11),2011.01.31
1248,9.85,167화 피기어(10),2011.01.30
1249,9.86,166화 피기어(9),2011.01.28
1250,9.86,165화 피기어(8),2011.01.24
1251,9.84,164화 피기어(7),2011.01.23
1252,9.85,163화 피기어(6),2011.01.21
1253,9.85,162화 피기어(5),2011.01.17
1254,9.85,161화 피기어(4),2011.01.16
1255,9.84,160화 피기어(3),2011.01.14
1256,9.84,159화 피기어(2),2011.01.10
1257,9.84,158화 피기어(1),2011.01.09
1258,9.84,157화 마리오네트(3),2011.01.07
1259,9.85,156화 마리오네트(2),2011.01.03
1260,9.85,155화 마리오네트(1),2011.01.02
1261,9.87,154화 A.E(10),2010.12.31
1262,9.86,153화 A.E(9),2010.12.27
1263,9.84,152화 A.E(8),2010.12.26
1264,9.86,151화 A.E(7),2010.12.24
1265,9.88,150화 A.E(6),2010.12.20
1266,9.87,149화 A.E(5),2010.12.19
1267,9.88,148화 A.E(4),2010.12.17
1268,9.88,147화 A.E(3),2010.12.13
1269,9.88,146화 A.E(2),2010.12.12
1270,9.87,145화 A.E(1),2010.12.10
1271,9.88,144화 식스틴(57),2010.12.06
1272,9.91,143화 식스틴(56),2010.12.05
1273,9.86,142화 식스틴(55),2010.12.03
1274,9.78,141화 식스틴(54),2010.11.29
1275,9.84,140화 식스틴(53),2010.11.28
1276,9.85,139화 식스틴(52),2010.11.26
1277,9.86,138화 식스틴(51),2010.11.22
1278,9.85,137화 식스틴(50),2010.11.21
1279,9.84,136화 식스틴(49),2010.11.19
1280,9.84,135화 식스틴(48),2010.11.15
1281,9.83,134화 식스틴(47),2010.11.14
1282,9.79,133화 식스틴(46),2010.11.12
1283,9.82,132화 식스틴(45),2010.11.08
1284,9.86,131화 식스틴(44),2010.11.07
1285,9.85,130화 식스틴(43),2010.11.05
1286,9.83,129화 식스틴(42),2010.11.01
1287,9.85,128화 식스틴(41),2010.10.31
1288,9.84,127화 식스틴(40),2010.10.29
1289,9.84,126화 식스틴(39),2010.10.25
1290,9.84,125화 식스틴(38),2010.10.24
1291,9.83,124화 식스틴(37),2010.10.22
1292,9.85,123화 식스틴(36),2010.10.18
1293,9.86,122화 식스틴(35),2010.10.17
1294,9.85,121화 식스틴(34),2010.10.15
1295,9.84,120화 식스틴(33),2010.10.11
1296,9.86,119화 식스틴(32),2010.10.10
1297,9.78,118화 식스틴(31),2010.10.08
1298,9.81,117화 식스틴(30),2010.10.04
1299,9.81,116화 식스틴(29),2010.10.03
1300,9.80,115화 식스틴(28),2010.10.01
1301,9.78,114화 식스틴(27),2010.09.27
1302,9.82,113화 식스틴(26),2010.09.26
1303,9.81,112화 식스틴(25),2010.09.24
1304,9.77,111화 식스틴(24),2010.09.20
1305,9.82,110화 식스틴(23),2010.09.19
1306,9.84,109화 식스틴(22),2010.09.17
1307,9.81,108화 식스틴(21),2010.09.13
1308,9.80,107화 식스틴(20),2010.09.12
1309,9.77,106화 식스틴(19),2010.09.10
1310,9.81,105화 식스틴(18),2010.09.06
1311,9.81,104화 식스틴(17),2010.09.05
1312,9.76,103화 식스틴(16),2010.09.03
1313,9.78,102화 식스틴(15),2010.08.31
1314,9.65,101화 식스틴(14),2010.08.30
1315,9.45,100화 식스틴(13),2010.08.27
1316,9.80,99화 식스틴(12),2010.08.23
1317,9.80,98화 식스틴(11),2010.08.22
1318,9.73,97화 식스틴(10),2010.08.20
1319,9.71,96화 식스틴(9),2010.08.16
1320,9.80,95화 식스틴(8),2010.08.15
1321,9.79,94화 식스틴(7),2010.08.13
1322,9.77,93화 식스틴(6),2010.08.09
1323,9.83,92화 식스틴(5),2010.08.08
1324,9.84,91화 식스틴(4),2010.08.06
1325,9.84,90화 식스틴(3),2010.08.02
1326,9.84,89화 식스틴(2),2010.08.01
1327,9.85,88화 식스틴(1),2010.07.30
1328,9.85,87화 A.E.,2010.07.26
1329,9.78,86화 사보이 가알(38),2010.07.25
1330,9.85,85화 사보이 가알(37),2010.07.23
1331,9.85,84화 사보이 가알(36),2010.07.19
1332,9.85,83화 사보이 가알(35),2010.07.18
1333,9.88,82화 사보이 가알(34),2010.07.16
1334,9.85,81화 사보이 가알(33),2010.07.12
1335,9.84,80화 사보이 가알(32),2010.07.11
1336,9.85,79화 사보이 가알(31),2010.07.09
1337,9.83,78화 사보이 가알(30),2010.07.05
1338,9.78,77화 사보이 가알(29),2010.07.04
1339,9.75,76화 사보이 가알(28),2010.07.02
1340,9.78,75화 사보이 가알(27),2010.06.28
1341,9.77,74화 사보이 가알(26),2010.06.27
1342,9.78,73화 사보이 가알(25),2010.06.25
1343,9.78,72화 사보이 가알(24),2010.06.21
1344,9.77,71화 사보이 가알(23),2010.06.20
1345,9.76,70화 사보이 가알(22),2010.06.18
1346,9.82,69화 사보이 가알(21),2010.06.14
1347,9.83,68화 사보이 가알(20),2010.06.13
1348,9.81,67화 사보이 가알(19),2010.06.11
1349,9.82,66화 사보이 가알(18),2010.06.07
1350,9.81,65화 사보이 가알(17),2010.06.06
1351,9.82,64화 사보이 가알(16),2010.06.04
1352,9.80,63화 사보이 가알(15),2010.05.31
1353,9.77,62화 사보이 가알(14),2010.05.30
1354,9.76,61화 사보이 가알(13),2010.05.28
1355,9.81,60화 사보이 가알(12),2010.05.24
1356,9.76,59화 사보이 가알(11),2010.05.23
1357,9.79,58화 사보이 가알(10),2010.05.21
1358,9.78,57화 사보이 가알(9),2010.05.17
1359,9.81,56화 사보이 가알(8),2010.05.16
1360,9.83,55화 사보이 가알(7),2010.05.14
1361,9.83,54화 사보이 가알(6),2010.05.10
1362,9.83,53화 사보이 가알(5),2010.05.09
1363,9.83,52화 사보이 가알(4),2010.05.07
1364,9.82,51화 사보이 가알(3),2010.05.03
1365,9.80,50화 사보이 가알(2),2010.05.02
1366,9.81,49화 사보이 가알(1),2010.04.30
1367,9.81,48화 A.E.,2010.04.26
1368,9.82,47화 반장 에드레이를 위한,2010.04.25
1369,9.82,46화 A.E. 그리고…,2010.04.23
1370,9.83,45화 만드라고라(7),2010.04.19
1371,9.84,44화 만드라고라(6),2010.04.18
1372,9.81,43화 만드라고라(5),2010.04.16
1373,9.82,42화 만드라고라(4),2010.04.12
1374,9.81,"41화 Tips : 모태종, 브엘라해로이 이미테이트로스",2010.04.11
1375,9.81,40화 만드라고라(3),2010.04.09
1376,9.82,39화 만드라고라(2),2010.04.05
1377,9.82,38화 만드라고라(1),2010.04.04
1378,9.81,37화 A.E,2010.04.02
1379,9.79,36화 반장 바헬의 하우 투 킬,2010.03.29
1380,9.82,35화 A.E 2,2010.03.28
1381,9.83,34화 A.E 1,2010.03.26
1382,9.84,33화 야엘 로드(9),2010.03.22
1383,9.81,32화 야엘 로드(8),2010.03.21
1384,9.81,31화 야엘 로드(7),2010.03.19
1385,9.81,30화 야엘 로드(6),2010.03.15
1386,9.82,29화 야엘 로드(5),2010.03.14
1387,9.79,28화 야엘 로드(4),2010.03.12
1388,9.78,27화 야엘 로드(3),2010.03.08
1389,9.79,26화 야엘 로드(2),2010.03.07
1390,9.78,25화 야엘 로드(1),2010.03.05
1391,9.73,24화 Band of Brothers,2010.03.01
1392,9.77,23화 A.E. 2,2010.02.28
1393,9.75,22화 A.E. 1,2010.02.26
1394,9.75,21화 블랙아웃(6),2010.02.22
1395,9.77,20화 블랙아웃(5),2010.02.21
1396,9.72,19화 블랙아웃(4),2010.02.19
1397,9.75,18화 블랙아웃(3),2010.02.15
1398,9.76,17화 블랙아웃(2),2010.02.14
1399,9.70,16화 블랙아웃(1),2010.02.12
1400,9.72,15화 이브 라헬(3),2010.02.08
1401,9.70,14화 이브 라헬(2),2010.02.07
1402,9.67,13화 이브 라헬(1),2010.02.05
1403,9.63,12화 이브(EVE),2010.02.01
1404,9.66,11화 . A.E.,2010.01.31
1405,9.68,10화 해적선장 하독(6),2010.01.29
1406,9.64,9화 해적선장 하독(5),2010.01.25
1407,9.68,8화 해적선장 하독(4),2010.01.24
1408,9.54,7화 해적선장 하독(3),2010.01.22
1409,9.45,6화 해적선장 하독(2),2010.01.18
1410,9.46,5화 해적선장 하독(1),2010.01.17
1411,9.53,4화 파마나의 개(4),2010.01.15
1412,9.38,3화 파마나의 개(3),2010.01.11
1413,9.27,2화 파마나의 개(2),2010.01.10
1414,8.94,1화 파마나의 개(1),2010.01.08
